,Equities,Gov Bonds
1875-01-31,0.0,0.0
1875-02-28,0.5999563713550392,0.39998663557337594
1875-03-31,0.5999745392549352,0.39997394493046184
1875-04-30,0.5999645743199213,0.39998185008501136
1875-05-31,0.5999154474146499,0.399996827701316
1875-06-30,0.5999187346283317,0.39991602311901464
1875-07-31,0.5999601841721977,0.3999679693545455
1875-08-31,0.5999169785065411,0.39992425960111616
1875-09-30,0.5999712179342033,0.3999715415923847
1875-10-31,0.5999607901062242,0.3999812805425816
1875-11-30,0.5999425809695268,0.3999958417533934
1875-12-31,0.5999010090830128,0.39994187111120383
1876-01-31,0.5999539216118874,0.3999639299797255
1876-02-29,0.5999740561921464,0.39990563013539093
1876-03-31,0.5999592042144282,0.39999170869343575
1876-04-30,0.5999265974070365,0.39989918447103634
1876-05-31,0.5999842482342327,0.39998715628664244
1876-06-30,0.599971067938702,0.39989522014955586
1876-07-31,0.5999145903579898,0.39990913174557996
1876-08-31,0.5999897811242855,0.39991945383792143
1876-09-30,0.5999192055845444,0.39991975292442933
1876-10-31,0.5999639009663268,0.39997014065092795
1876-11-30,0.5999986531643972,0.3999723807281406
1876-12-31,0.5999344914848131,0.39995453039788975
1877-01-31,0.5999307116436422,0.3999486535150446
1877-02-28,0.5999213424389264,0.3999314982354111
1877-03-31,0.5999944947318658,0.39993501447489493
1877-04-30,0.5999263320209746,0.3999237852869554
1877-05-31,0.5999723920153262,0.3999937132081111
1877-06-30,0.5999397360379876,0.39996973490192117
1877-07-31,0.5999555883037354,0.39996335861914867
1877-08-31,0.5999751824487908,0.3999535593515652
1877-09-30,0.5999850745369211,0.3999633051795085
1877-10-31,0.5999756461465617,0.3999249158641814
1877-11-30,0.5999739454045488,0.3999893937133472
1877-12-31,0.5999156237082707,0.3999784959226364
1878-01-31,0.5999922120994106,0.39997138518436903
1878-02-28,0.5999881278980975,0.39994346253565904
1878-03-31,0.5999673765103481,0.39998812399532924
1878-04-30,0.5999246732465748,0.3999191723487891
1878-05-31,0.5999455329140454,0.39997465003505783
1878-06-30,0.5999184862269205,0.39991345518940263
1878-07-31,0.5999211729391367,0.3999800181045985
1878-08-31,0.5999364474262712,0.3999714171980594
1878-09-30,0.5999070797475807,0.39994694996592167
1878-10-31,0.5999513406683429,0.39995877607243624
1878-11-30,0.5999903851960081,0.39997234193272435
1878-12-31,0.5999712816044191,0.39997956960564324
1879-01-31,0.5999686394999904,0.3999965622058234
1879-02-28,0.5999807903583013,0.39998070971638955
1879-03-31,0.5999288067888078,0.3999509040336421
1879-04-30,0.5999658344232806,0.39999377634580824
1879-05-31,0.5999405105488045,0.39994253474856967
1879-06-30,0.5999947131852086,0.3999433539550814
1879-07-31,0.5999102921493041,0.3999911115054932
1879-08-31,0.5999939722987063,0.39998838556958977
1879-09-30,0.5999481206899222,0.39990852846686614
1879-10-31,0.5998948332032139,0.39995028783741365
1879-11-30,0.5999502076748704,0.39998127903674385
1879-12-31,0.599974004047451,0.39992899643705593
1880-01-31,0.5999791214394364,0.39997162034881184
1880-02-29,0.5999589341425223,0.3999449177166522
1880-03-31,0.599992799457877,0.39993822759384157
1880-04-30,0.5999330572836032,0.3999138930867913
1880-05-31,0.599919339619846,0.39992401921579934
1880-06-30,0.599988527143449,0.3999522775469399
1880-07-31,0.5999994743259204,0.39993599264708457
1880-08-31,0.5999628265068564,0.39995496311967527
1880-09-30,0.5999509056783482,0.3999142669400155
1880-10-31,0.5999080725233532,0.39995025503414305
1880-11-30,0.599961181828911,0.39991368927617454
1880-12-31,0.5999264675786399,0.39997353007206
1881-01-31,0.5999542088849271,0.39994393061529254
1881-02-28,0.5999674220810254,0.39993388700607624
1881-03-31,0.5998987454652293,0.39992252290932345
1881-04-30,0.5999766742482303,0.3999944668296212
1881-05-31,0.5999534597845437,0.3999475001072406
1881-06-30,0.5999322705472352,0.3999850075215443
1881-07-31,0.5999489237701656,0.3999804744897157
1881-08-31,0.5999352389837764,0.399928221083125
1881-09-30,0.5999613899148828,0.39999916823886594
1881-10-31,0.5999424822011427,0.3999849510210281
1881-11-30,0.5999990354167338,0.3999906586371077
1881-12-31,0.599924813715183,0.3999442841676995
1882-01-31,0.599997535722943,0.3999632403917563
1882-02-28,0.5999415795717252,0.3999755644479871
1882-03-31,0.5998960409958366,0.39993431774576504
1882-04-30,0.5999814269862322,0.3999951706340557
1882-05-31,0.5998933413213059,0.3999655945492568
1882-06-30,0.5999127710898393,0.3999298376896686
1882-07-31,0.5998991657099886,0.39996449638122566
1882-08-31,0.5999931533038201,0.3999612470555407
1882-09-30,0.5999059019076395,0.39998902768480127
1882-10-31,0.5999599679113595,0.3999518946382021
1882-11-30,0.5999531935323611,0.3999387266125516
1882-12-31,0.5999461234319449,0.39998230233175447
1883-01-31,0.5999777888226587,0.399986841720071
1883-02-28,0.5999795786753276,0.3999699847431836
1883-03-31,0.5999781357252142,0.39995425779043603
1883-04-30,0.5999485510223781,0.3999404293487582
1883-05-31,0.5999149850497943,0.3999283533240236
1883-06-30,0.5999795438584421,0.39996483069052513
1883-07-31,0.5998913497483931,0.3999679038450671
1883-08-31,0.5999176813603638,0.39997389902527813
1883-09-30,0.5999984848634083,0.39993688336445976
1883-10-31,0.5999295444639768,0.39999855598392187
1883-11-30,0.5999612757788985,0.3999380907525094
1883-12-31,0.5999855938500503,0.39992921358469014
1884-01-31,0.5999916116959512,0.39991735295420816
1884-02-29,0.5998989933980579,0.3999812678415517
1884-03-31,0.5999424556071895,0.39992250782244027
1884-04-30,0.5999859432834667,0.3999586486650456
1884-05-31,0.5999149441848924,0.39994241439257405
1884-06-30,0.5999882783404776,0.39993838998961767
1884-07-31,0.5999664127459124,0.39998171845583125
1884-08-31,0.5999575499200309,0.3999614685820615
1884-09-30,0.5999283592955257,0.39992821328804184
1884-10-31,0.5999250907475523,0.39992389667596523
1884-11-30,0.5999458840243435,0.39992239058567475
1884-12-31,0.5999400841817829,0.39992408076080543
1885-01-31,0.599991059316834,0.39999319980755804
1885-02-28,0.5999944436581983,0.3999746019550914
1885-03-31,0.5999751616105239,0.3999912831090387
1885-04-30,0.5999904073477387,0.39996579264103377
1885-05-31,0.5999338962604674,0.39991866489940825
1885-06-30,0.5999077179942698,0.39992399231100767
1885-07-31,0.5999334071852912,0.3999389441399058
1885-08-31,0.5999563333881566,0.3999550189810316
1885-09-30,0.5999935252277286,0.39994968117331653
1885-10-31,0.5999233619811327,0.3999139544480121
1885-11-30,0.5999352837994423,0.3999464451235011
1885-12-31,0.5999462886901251,0.39998871604085684
1886-01-31,0.5999402297652977,0.3999782662427553
1886-02-28,0.5999290662260295,0.39991924875801343
1886-03-31,0.5999124824862848,0.39996133709921267
1886-04-30,0.5998946635151362,0.3999156030849463
1886-05-31,0.5999483935020568,0.3999082024535216
1886-06-30,0.5999611712065507,0.39995403503909926
1886-07-31,0.5999722859887605,0.39994332253157855
1886-08-31,0.5999634592394337,0.3999926311759065
1886-09-30,0.5999576879092641,0.3999307692652925
1886-10-31,0.599919925842347,0.39993622176185034
1886-11-30,0.5998892272101896,0.39996456925647983
1886-12-31,0.5999451124867472,0.39995541519480393
1887-01-31,0.5999447868962943,0.39999921891653034
1887-02-28,0.5999703084006405,0.399982098687447
1887-03-31,0.5999037810153889,0.3999310928494137
1887-04-30,0.5999969074152537,0.3999219910189248
1887-05-31,0.5999506861375509,0.39995089077776735
1887-06-30,0.5999821138096482,0.3999639100707074
1887-07-31,0.5998952303073327,0.3999172947746773
1887-08-31,0.5999959824019674,0.3999815425575551
1887-09-30,0.5999282465605521,0.3999896653804952
1887-10-31,0.5999772215250122,0.3999403692084788
1887-11-30,0.5999850730133262,0.3999539230660217
1887-12-31,0.5999139441931222,0.39995023819064107
1888-01-31,0.5999687100326103,0.39992771249133396
1888-02-29,0.5999469642032353,0.3999238553082198
1888-03-31,0.5999635629237849,0.3999311354138433
1888-04-30,0.5999986935734845,0.3999917452984443
1888-05-31,0.5999327961750022,0.39997382077050286
1888-06-30,0.5999969459607157,0.39995348640441447
1888-07-31,0.5999252610852182,0.3999726548598088
1888-08-31,0.5999845755965353,0.39992537839712167
1888-09-30,0.5999681784667608,0.39998680090271993
1888-10-31,0.5999218841805736,0.3999236382189404
1888-11-30,0.5999181303434326,0.3999805786797397
1888-12-31,0.599935240134073,0.39993595738400317
1889-01-31,0.5999771023324721,0.39997187556787106
1889-02-28,0.5999572340573158,0.3999886727590181
1889-03-31,0.5999749269104865,0.39994784273892037
1889-04-30,0.5999213902379672,0.3999714003399872
1889-05-31,0.5999392209850183,0.3999332761178582
1889-06-30,0.5999656484861936,0.3999992683836854
1889-07-31,0.5999075288333711,0.3999808999049785
1889-08-31,0.5999034409904104,0.39997031979668884
1889-09-30,0.59997905643371,0.3999824327782455
1889-10-31,0.5999058309847921,0.3999271915351559
1889-11-30,0.5999251832451801,0.3999172489224058
1889-12-31,0.5999179331563629,0.3999289231800074
1890-01-31,0.5999590190265122,0.3999350581016734
1890-02-28,0.5999203234657592,0.3999406856495233
1890-03-31,0.5999101016310061,0.399973843083018
1890-04-30,0.5999217111852515,0.39992489760006433
1890-05-31,0.5999182948373396,0.39995855274516295
1890-06-30,0.5999129219266174,0.3999315259388971
1890-07-31,0.5999128452533439,0.39993431698694076
1890-08-31,0.599963333387527,0.39994743028911833
1890-09-30,0.5999908460200782,0.39996012895000044
1890-10-31,0.599948730432781,0.3999234633798641
1890-11-30,0.5999520709754368,0.399984586197283
1890-12-31,0.5999597697477181,0.39997445770996054
1891-01-31,0.5999867306782036,0.39998328947098133
1891-02-28,0.5999632715785084,0.3999629616532174
1891-03-31,0.599918620794606,0.3999799440503733
1891-04-30,0.5999520224076227,0.3999651012494871
1891-05-31,0.5999275840263979,0.39994168832346844
1891-06-30,0.5999346214798044,0.3999475408291495
1891-07-31,0.5999243326234185,0.39992691197971064
1891-08-31,0.5999023179962932,0.3999608438077198
1891-09-30,0.5999552200674588,0.3999824709693913
1891-10-31,0.5999085897736628,0.39996101424749403
1891-11-30,0.5999466922412025,0.3999869665121209
1891-12-31,0.5999085947344379,0.3999364659252284
1892-01-31,0.5999867885761311,0.39998707243000386
1892-02-29,0.5999448879909465,0.3999759268607049
1892-03-31,0.5999036927078303,0.399988491493401
1892-04-30,0.5999760170675178,0.39997775213991227
1892-05-31,0.5999863754572043,0.39998953212000155
1892-06-30,0.5998913934133041,0.3999607420507475
1892-07-31,0.5999112465586662,0.39998992044802667
1892-08-31,0.5999540800928138,0.3999299777631129
1892-09-30,0.5999037922633278,0.3999761245494442
1892-10-31,0.5999401747779971,0.39995050212417027
1892-11-30,0.5999819651265014,0.3999619657898267
1892-12-31,0.5999314444808006,0.39996452195973575
1893-01-31,0.599894796793637,0.3999357334028368
1893-02-28,0.5999422508415707,0.39994616977427055
1893-03-31,0.5999428416570471,0.39995168673847026
1893-04-30,0.5999880669619908,0.3999949801662134
1893-05-31,0.5999369424902765,0.399937026560622
1893-06-30,0.5999207016917563,0.3999266312030088
1893-07-31,0.5999536874230572,0.3999128955310838
1893-08-31,0.599903720583526,0.39995811408087995
1893-09-30,0.5999098365880985,0.3999723055612973
1893-10-31,0.5999367918803097,0.39997408988384925
1893-11-30,0.5999768799672831,0.39995582332011403
1893-12-31,0.5999548570424947,0.39992269474210834
1894-01-31,0.5999608388173908,0.39998765377589646
1894-02-28,0.5999874447823432,0.3999409244165022
1894-03-31,0.5999952266610228,0.3999161049195838
1894-04-30,0.5999655212935663,0.39991577209511725
1894-05-31,0.5999309248848321,0.3999757025776904
1894-06-30,0.5998959597807805,0.39994057012318446
1894-07-31,0.5999934978956806,0.39991914573660403
1894-08-31,0.5999900407254761,0.3999160914223951
1894-09-30,0.5999378756966661,0.39992513450366507
1894-10-31,0.5999311524580773,0.39995884800653575
1894-11-30,0.5999410313009514,0.3999537286652533
1894-12-31,0.599928028839285,0.39994886717697614
1895-01-31,0.5999477047945024,0.3999134133209163
1895-02-28,0.599905337749423,0.39991096216750605
1895-03-31,0.599920247377729,0.39995857120415096
1895-04-30,0.5999077259319239,0.3999776701018855
1895-05-31,0.599978789720274,0.39991702785144945
1895-06-30,0.5999626444946964,0.39996407619751123
1895-07-31,0.5998913025905963,0.39998045164990204
1895-08-31,0.5999461639504305,0.399951433551006
1895-09-30,0.5999993362676991,0.3999373695241143
1895-10-31,0.5999373106661067,0.3999470609688308
1895-11-30,0.5999155626852644,0.3999939443105855
1895-12-31,0.5999507208380082,0.399978593366617
1896-01-31,0.5998986725257264,0.3999351194486278
1896-02-29,0.5999436060061887,0.399959787054784
1896-03-31,0.5999295620591212,0.39996077826337195
1896-04-30,0.5999589672732349,0.39991804408899573
1896-05-31,0.5999732055347013,0.3999193886695009
1896-06-30,0.5999996453666926,0.3999297244830806
1896-07-31,0.5999995778257342,0.39999023543351303
1896-08-31,0.5999115841745559,0.39994943228944513
1896-09-30,0.59996156423927,0.39994898804925866
1896-10-31,0.5999754807741108,0.39997480915149547
1896-11-30,0.5999049420804538,0.39992941830918116
1896-12-31,0.5999032343769293,0.39992190291438257
1897-01-31,0.5999052175945853,0.39996768420734874
1897-02-28,0.5999226905191735,0.39995195660439486
1897-03-31,0.5999099976727111,0.3999101345457186
1897-04-30,0.5999324506821674,0.3999774876867328
1897-05-31,0.5999797882589465,0.39999199115220035
1897-06-30,0.599934933529289,0.3999854934641948
1897-07-31,0.5999520744251591,0.39991232211202893
1897-08-31,0.5999036634871479,0.39996079275166224
1897-09-30,0.5999057811733552,0.3999680146814504
1897-10-31,0.5999816009918122,0.399932182850526
1897-11-30,0.5999427370234639,0.39993352619549144
1897-12-31,0.5999276087002714,0.3999594882988391
1898-01-31,0.5999058627385933,0.3999600123030836
1898-02-28,0.5999923138799634,0.3999716139952971
1898-03-31,0.5999621841447774,0.3999205889359117
1898-04-30,0.5999451313614627,0.39997056836833333
1898-05-31,0.5999837808433911,0.39997891706037975
1898-06-30,0.5999677347723178,0.39994573636781106
1898-07-31,0.5999379774612126,0.3999262857538312
1898-08-31,0.5999485156651428,0.39994819224336925
1898-09-30,0.5999992497538097,0.3999389843299676
1898-10-31,0.5999520509496084,0.39995885595496433
1898-11-30,0.5999497727110509,0.39997083364254526
1898-12-31,0.5999438905376772,0.3999886038491481
1899-01-31,0.5999352514483647,0.39995199324809205
1899-02-28,0.5999806628594969,0.39999136333010477
1899-03-31,0.5999354982183199,0.39993583522677223
1899-04-30,0.5999590868050944,0.3999806227874645
1899-05-31,0.599890796663368,0.3999290688515936
1899-06-30,0.5999924354971948,0.39993061317969647
1899-07-31,0.5999805117897395,0.39997841630837266
1899-08-31,0.5999173936709008,0.3999642546819487
1899-09-30,0.5999792296414047,0.3999650488332845
1899-10-31,0.5999251771282837,0.3999258630129235
1899-11-30,0.5999058926045583,0.3999892681237993
1899-12-31,0.5998992337587625,0.39996930605821235
1900-01-31,0.5999153261396021,0.39998932357130745
1900-02-28,0.5999048462713741,0.3999944164203881
1900-03-31,0.5999742897420685,0.39995425754309627
1900-04-30,0.5999950907550358,0.3999898507463804
1900-05-31,0.5999952811433318,0.39996983711458817
1900-06-30,0.5999432364877293,0.39995683928240416
1900-07-31,0.5999089296935521,0.39997570064629034
1900-08-31,0.5999597040034085,0.3999398321560301
1900-09-30,0.5999043658969194,0.3999483167867737
1900-10-31,0.5999725086367006,0.3999654679969989
1900-11-30,0.5999851508442818,0.3999793421365529
1900-12-31,0.5999716748137728,0.39992938501209185
1901-01-31,0.5999244592932891,0.3999804201404223
1901-02-28,0.5999437838589582,0.39997103792097355
1901-03-31,0.599902458582312,0.3999944899175056
1901-04-30,0.5999389667474609,0.3999671198298813
1901-05-31,0.5999824707046623,0.3999310392887523
1901-06-30,0.5999953159156313,0.3999944651156122
1901-07-31,0.599896843340786,0.39999047054848585
1901-08-31,0.5999112754501957,0.39997731596968306
1901-09-30,0.5999533954060468,0.39997630870367173
1901-10-31,0.5999554958137125,0.3999959874101616
1901-11-30,0.5999123872307733,0.3999990319524471
1901-12-31,0.599943592712416,0.3999784619650487
1902-01-31,0.5999787234223264,0.3999806504235096
1902-02-28,0.5999106927789521,0.39993583136482347
1902-03-31,0.5999859914193808,0.39995330755586617
1902-04-30,0.5999483121191469,0.3999819591084641
1902-05-31,0.5999174743304473,0.3999471603043495
1902-06-30,0.5999574467455786,0.39994309244930215
1902-07-31,0.5999600137551714,0.3999642844516531
1902-08-31,0.5999119203688672,0.399977023295506
1902-09-30,0.5999261842825915,0.3999841047040484
1902-10-31,0.5998970331520673,0.3999961879330928
1902-11-30,0.5999196816226148,0.3999922611800808
1902-12-31,0.5999134915706844,0.3999812411528974
1903-01-31,0.5999874880804673,0.3999874926732172
1903-02-28,0.5998803910199398,0.3999638469623515
1903-03-31,0.5999135656559693,0.3999853769931247
1903-04-30,0.5999050778711295,0.3999601862744349
1903-05-31,0.5999603995732965,0.3999372393115815
1903-06-30,0.5999690762451065,0.39998842494964787
1903-07-31,0.5998906889187333,0.39997935293542686
1903-08-31,0.5998906406304572,0.39996237716282235
1903-09-30,0.5999044281210452,0.39998575245890644
1903-10-31,0.5999094482230138,0.39994556400034575
1903-11-30,0.5999816543779484,0.3999815851009969
1903-12-31,0.5999322416455918,0.39993960057634104
1904-01-31,0.5999055709797647,0.39998611641287585
1904-02-29,0.599940145276244,0.3999726357661258
1904-03-31,0.5999789259117396,0.39993576448915985
1904-04-30,0.5999469426256469,0.3999298298245749
1904-05-31,0.5999395683514049,0.39998059008166736
1904-06-30,0.5999660141646451,0.3999539426274574
1904-07-31,0.599912992641491,0.39993545507069883
1904-08-31,0.5999371963948911,0.3999374347299189
1904-09-30,0.5999776975725307,0.39999579398818913
1904-10-31,0.5998759226613084,0.39999939361178655
1904-11-30,0.5998874923406504,0.3999749203337715
1904-12-31,0.59997307225446,0.39997992649288666
1905-01-31,0.5999946926364631,0.39996559943972415
1905-02-28,0.5999247679138509,0.3999868770603955
1905-03-31,0.59992545857557,0.39998156781829575
1905-04-30,0.5999790834935439,0.3999788070642937
1905-05-31,0.5999927175945922,0.399988349557527
1905-06-30,0.59988473295441,0.39997510662414326
1905-07-31,0.5998713323955519,0.39996152618940456
1905-08-31,0.5998726194847753,0.3999760138962059
1905-09-30,0.5999151984433202,0.3999762249421133
1905-10-31,0.5999772410697887,0.39997196878054747
1905-11-30,0.5999937399284951,0.39999310447633174
1905-12-31,0.5999398875173729,0.3999724238723673
1906-01-31,0.5999564773747845,0.3999524132593681
1906-02-28,0.5999349585045689,0.39998884278672275
1906-03-31,0.5998840971396857,0.39998337834900993
1906-04-30,0.5999497319159697,0.39996555147614066
1906-05-31,0.5999034259004623,0.3999789595681104
1906-06-30,0.5998635499437482,0.39998675765659253
1906-07-31,0.5998846990016623,0.3999578193994496
1906-08-31,0.5999228186686559,0.39998328343368483
1906-09-30,0.5999343800564975,0.39997946564267767
1906-10-31,0.5999769052647145,0.39996650442352816
1906-11-30,0.5998917492323045,0.39997212964208845
1906-12-31,0.5999084467571941,0.3999867858929535
1907-01-31,0.5998889071768556,0.399981433272193
1907-02-28,0.5998701163976319,0.39999670310347196
1907-03-31,0.5999148554698849,0.3999963926574882
1907-04-30,0.5998706787231233,0.39995570176838274
1907-05-31,0.5999961300507257,0.3999528223002018
1907-06-30,0.5999776553105285,0.3999855099799508
1907-07-31,0.5999566967870623,0.39998739632704633
1907-08-31,0.5998744590243578,0.399959981720073
1907-09-30,0.5999171740369553,0.39999463920796957
1907-10-31,0.5999547168035247,0.39995103134581356
1907-11-30,0.59989828799288,0.3999879596932891
1907-12-31,0.5998907334134929,0.39996441549970363
1908-01-31,0.5999521759032449,0.39996301490781716
1908-02-29,0.599891972511673,0.39998506106552517
1908-03-31,0.599922732405647,0.3999420359704622
1908-04-30,0.5999287388261241,0.3999515602112681
1908-05-31,0.5998950806152522,0.3999982548918922
1908-06-30,0.5998982481952335,0.39995549912106404
1908-07-31,0.5999515502715282,0.3999497761321138
1908-08-31,0.5999486125963323,0.39995799815356875
1908-09-30,0.5999269584681808,0.3999905491324738
1908-10-31,0.5998960195613069,0.3999547880489144
1908-11-30,0.5999635977999204,0.3999463837165143
1908-12-31,0.5999682194437799,0.3999650073624202
1909-01-31,0.5998968420309487,0.3999843834425656
1909-02-28,0.599965035093291,0.3999982423325761
1909-03-31,0.5999352097960915,0.3999770318697806
1909-04-30,0.5999046638999621,0.3999790443078296
1909-05-31,0.5999464266731075,0.3999871743723375
1909-06-30,0.5999341575363618,0.39997520627727745
1909-07-31,0.5999768838457475,0.39995402373377775
1909-08-31,0.5998914561663696,0.3999716226096827
1909-09-30,0.5999479263919054,0.39997384017246285
1909-10-31,0.5999013619159258,0.3999878302633045
1909-11-30,0.59996001613454,0.39998574041071916
1909-12-31,0.5998510676076365,0.3999819425981795
1910-01-31,0.5999187193301391,0.3999601048215044
1910-02-28,0.5998814892652652,0.39997080668526497
1910-03-31,0.5998976811885444,0.39996270855973376
1910-04-30,0.5998739693613825,0.39997967450019
1910-05-31,0.5999285097238571,0.39996843390442394
1910-06-30,0.5998581019607112,0.3999742232495927
1910-07-31,0.5999224757633467,0.39995662830961437
1910-08-31,0.5999673926845798,0.39996065303768097
1910-09-30,0.5999327925974047,0.39999561703596753
1910-10-31,0.5999884131983143,0.39997301492698895
1910-11-30,0.5998650686750437,0.3999503422830432
1910-12-31,0.5998664322970887,0.3999771137933229
1911-01-31,0.599874070329787,0.39996906091727824
1911-02-28,0.5998563528093829,0.39999121923246345
1911-03-31,0.599951754374499,0.39997679473349257
1911-04-30,0.5999380588450343,0.3999987072601549
1911-05-31,0.5998777854231052,0.39995879771583764
1911-06-30,0.5999983267545557,0.3999555972797268
1911-07-31,0.5999480664791388,0.3999524934218845
1911-08-31,0.599986431143967,0.3999831441453062
1911-09-30,0.5998595951606474,0.39997887102050106
1911-10-31,0.5999597179804964,0.39995116312740664
1911-11-30,0.5998589582495181,0.39998841268249347
1911-12-31,0.5999666442382973,0.39995654639240014
1912-01-31,0.5998749030610669,0.3999813998235631
1912-02-29,0.5999667788330356,0.39998776512511663
1912-03-31,0.5999965574735314,0.39998913745751624
1912-04-30,0.5999282853647953,0.3999990210701717
1912-05-31,0.5998591826329731,0.39997275240928787
1912-06-30,0.5999989973666932,0.3999774373916808
1912-07-31,0.5999765722508023,0.39998882882427045
1912-08-31,0.5998897013760695,0.39998013293559137
1912-09-30,0.5999422717118503,0.399967337214622
1912-10-31,0.5999032559931314,0.39998882593408513
1912-11-30,0.5999766444875931,0.39999008481291876
1912-12-31,0.5999172684625084,0.39996003929647617
1913-01-31,0.5998781817296828,0.3999826937111813
1913-02-28,0.5999476350014942,0.39997256156070043
1913-03-31,0.599920120413808,0.39999631180103973
1913-04-30,0.5999286165304335,0.39996493882923295
1913-05-31,0.5998846148674767,0.3999852030331344
1913-06-30,0.599916208924397,0.39996664973745893
1913-07-31,0.599971521589556,0.39997944357494847
1913-08-31,0.5998814878227764,0.3999858159188356
1913-09-30,0.5999320908777618,0.39999785685403094
1913-10-31,0.5999524898201644,0.3999961845772968
1913-11-30,0.5999511916600406,0.3999950100002809
1913-12-31,0.5999873045585096,0.3999928216061444
1914-01-31,0.5999787238324633,0.3999713814108836
1914-02-28,0.5999810567154966,0.39996631292655754
1914-03-31,0.5999181959859048,0.3999644985929598
1914-04-30,0.5998626014367264,0.3999868232414816
1914-05-31,0.5999405085925511,0.39996051380447484
1914-06-30,0.5998987025248721,0.39999483209902004
1914-07-31,0.5999177967438508,0.39996559752007094
1914-08-31,0.599959371306369,0.3999525600455949
1914-09-30,0.599892338922413,0.39995633230499944
1914-10-31,0.5999454877340834,0.3999902966126327
1914-11-30,0.5999002533522018,0.39995282568714746
1914-12-31,0.5999537777780722,0.39999585680424965
1915-01-31,0.5999594795304151,0.3999819740936934
1915-02-28,0.5999033108421169,0.3999583504507221
1915-03-31,0.5999829415364073,0.39996695212248334
1915-04-30,0.5999599656878032,0.3999732773767685
1915-05-31,0.5999739454058992,0.3999639102643832
1915-06-30,0.5999155679916658,0.3999959358301642
1915-07-31,0.5999912469472068,0.3999901053796004
1915-08-31,0.5998637932969257,0.3999731465238593
1915-09-30,0.5998780030847987,0.39997317579204045
1915-10-31,0.5999139900662732,0.3999895152733279
1915-11-30,0.5999226930152081,0.3999551914271392
1915-12-31,0.5998900260449445,0.3999927109986576
1916-01-31,0.5999726403562675,0.3999843573343218
1916-02-29,0.5999354941561077,0.3999891399072053
1916-03-31,0.5998977941026893,0.39999038073259024
1916-04-30,0.5999260588426141,0.3999718759346548
1916-05-31,0.5999222538308913,0.39995437367179953
1916-06-30,0.5998885479736595,0.39998439733516367
1916-07-31,0.5999388378674458,0.39998500012742466
1916-08-31,0.5999284381109152,0.39997028259084916
1916-09-30,0.5998798503619297,0.39997392230356826
1916-10-31,0.5999967493197684,0.39996947252178733
1916-11-30,0.5999749645997443,0.39999634146640045
1916-12-31,0.5998886855508871,0.3999590702643308
1917-01-31,0.5998970139326186,0.39995428244978887
1917-02-28,0.5998718259567817,0.3999677770485105
1917-03-31,0.5998951531007354,0.39997267107304374
1917-04-30,0.5999871311936406,0.39996043555269173
1917-05-31,0.5998811447115098,0.3999703450940697
1917-06-30,0.5998794635066724,0.39996331153938897
1917-07-31,0.5998594025267838,0.3999808936514368
1917-08-31,0.599893180355615,0.399971183837465
1917-09-30,0.5999270021891691,0.3999892987037361
1917-10-31,0.5999176601685072,0.399996211095784
1917-11-30,0.5999374598827233,0.399952989718252
1917-12-31,0.5999210869143179,0.39998997846092255
1918-01-31,0.5998804552969945,0.39996006156687003
1918-02-28,0.5999039000926344,0.3999743602715746
1918-03-31,0.5998575089232657,0.3999541719459968
1918-04-30,0.5998788199503818,0.39998928468314493
1918-05-31,0.5999870202848832,0.3999633612498027
1918-06-30,0.5999264729067827,0.3999559285705656
1918-07-31,0.5999626531538506,0.3999811982418606
1918-08-31,0.5999266906812644,0.39996271139724804
1918-09-30,0.5998571092430554,0.39999156160452576
1918-10-31,0.599845712824831,0.3999543526215103
1918-11-30,0.5998712389089018,0.39998617949059645
1918-12-31,0.5999594758362932,0.3999845885607871
1919-01-31,0.5999879083406674,0.399973660390365
1919-02-28,0.5999330446375063,0.3999894522059198
1919-03-31,0.5999925240217361,0.3999866141614868
1919-04-30,0.5999403962619514,0.39996005191145745
1919-05-31,0.5999900363486713,0.3999969299106214
1919-06-30,0.5999015583982276,0.3999689109953676
1919-07-31,0.5999317415412986,0.39997589748604034
1919-08-31,0.5999599039941602,0.39996822967159706
1919-09-30,0.5999259785244367,0.39998651010905134
1919-10-31,0.5999550958471692,0.39999696567661147
1919-11-30,0.5999545385226012,0.39997130876197234
1919-12-31,0.5999434422920542,0.3999597703277705
1920-01-31,0.5998523557045637,0.39997376606274426
1920-02-29,0.5999474367829705,0.39997092725694916
1920-03-31,0.5999342919900943,0.39998976002270253
1920-04-30,0.5998541961308222,0.3999833697842929
1920-05-31,0.5999421085666469,0.3999908823333117
1920-06-30,0.5999099661669927,0.39999034148524376
1920-07-31,0.5999054757579327,0.39996647328723295
1920-08-31,0.5998917348804051,0.3999989808111665
1920-09-30,0.5999695082690105,0.3999995876989034
1920-10-31,0.5999360758233038,0.3999829690236478
1920-11-30,0.5999102292812093,0.3999962534197547
1920-12-31,0.5998845440046517,0.3999660851517935
1921-01-31,0.5998843499543478,0.39998218550190007
1921-02-28,0.5998843863631673,0.3999681595197772
1921-03-31,0.5999054722791016,0.39997984712439344
1921-04-30,0.5998648675515473,0.39997904414856345
1921-05-31,0.5998674185075492,0.39999594948000927
1921-06-30,0.5998803822625287,0.39998859813130005
1921-07-31,0.5999405459329736,0.39999549401890305
1921-08-31,0.5999957398649494,0.399997215744522
1921-09-30,0.5999723230409113,0.39996911977132366
1921-10-31,0.5998972157066559,0.3999799420509759
1921-11-30,0.5999998379925121,0.39999223040241105
1921-12-31,0.5998805018457253,0.3999697555259434
1922-01-31,0.5999608624160385,0.3999876967348731
1922-02-28,0.5998843312072261,0.39995909471710145
1922-03-31,0.5998756457898914,0.3999562269384812
1922-04-30,0.599897495834236,0.3999708265891499
1922-05-31,0.5999407846265732,0.3999821135079915
1922-06-30,0.5999852662964574,0.399961141767621
1922-07-31,0.5999205382216454,0.3999976233880447
1922-08-31,0.5998864886252252,0.3999726440989442
1922-09-30,0.5999450956427402,0.3999823559466897
1922-10-31,0.5998804894274492,0.3999621796978517
1922-11-30,0.5999650334795641,0.39997033876167876
1922-12-31,0.5999617223394382,0.3999860682322035
1923-01-31,0.5999274578789344,0.3999800221805745
1923-02-28,0.599981473291076,0.39997454546172867
1923-03-31,0.5998801772645755,0.39999189797183266
1923-04-30,0.5998414824444616,0.39999952961398516
1923-05-31,0.5999822884539668,0.3999634024812756
1923-06-30,0.5999109179457955,0.39997295020868584
1923-07-31,0.5998527051960288,0.39998780745886947
1923-08-31,0.5999835566027207,0.39997576968294357
1923-09-30,0.5998523492158326,0.3999960629721111
1923-10-31,0.5999596078332058,0.3999599083985211
1923-11-30,0.5999173993861765,0.3999954721526584
1923-12-31,0.5998752172631581,0.3999779760143444
1924-01-31,0.5999506915989984,0.3999614537147283
1924-02-29,0.5999918330176641,0.39997067883246795
1924-03-31,0.5999439961972894,0.39999438176290414
1924-04-30,0.5999019071031063,0.39998728559983926
1924-05-31,0.5998775102125812,0.3999767409985191
1924-06-30,0.5998541302590839,0.39998428597689295
1924-07-31,0.5999642479207263,0.3999908607896723
1924-08-31,0.5999309270809675,0.39999124617322934
1924-09-30,0.59992801409301,0.3999639717182998
1924-10-31,0.5999580843349155,0.39996574094377896
1924-11-30,0.59994456985949,0.39997941845929325
1924-12-31,0.5998740510882319,0.39999878856384535
1925-01-31,0.5998402106136637,0.3999933154058986
1925-02-28,0.5998621433810379,0.3999851909559638
1925-03-31,0.5999637429108535,0.39999315377699507
1925-04-30,0.599968700174093,0.39998635166594504
1925-05-31,0.5999713877254097,0.39997278506045486
1925-06-30,0.5998664960597787,0.3999997486766582
1925-07-31,0.5999692620417014,0.39997330039843376
1925-08-31,0.5999780207714817,0.39997250098398074
1925-09-30,0.5998642813525766,0.3999729482403786
1925-10-31,0.5999869180623155,0.3999958730611624
1925-11-30,0.5998271744329005,0.3999980304370452
1925-12-31,0.5999345246662352,0.3999948077084719
1926-01-31,0.5998962012836028,0.39999643061755774
1926-02-28,0.5998322372862446,0.3999718743203118
1926-03-31,0.5999313643622018,0.39998456542650407
1926-04-30,0.5998985647793499,0.399973883172014
1926-05-31,0.5998754571360091,0.3999857983876533
1926-06-30,0.5998901110630491,0.3999811508206011
1926-07-31,0.5999423182928116,0.39998564780703255
1926-08-31,0.5998148898724253,0.39999671467144765
1926-09-30,0.599934951171624,0.39997723089870235
1926-10-31,0.5999172507054915,0.39997637479168074
1926-11-30,0.5999346685926189,0.39999861693661676
1926-12-31,0.5999440470209595,0.3999772398318176
1927-01-31,0.599913679628632,0.39999160868379524
1927-02-28,0.5999396328746839,0.39997497394644865
1927-03-31,0.5999810345364069,0.3999752181386802
1927-04-30,0.5998947415736359,0.3999911581840083
1927-05-31,0.599849360544405,0.3999721373436368
1927-06-30,0.5998409414731173,0.39997033934416365
1927-07-31,0.5999029777470449,0.39998442840364473
1927-08-31,0.5998519979613113,0.399993691628561
1927-09-30,0.5999447160566748,0.3999836440445728
1927-10-31,0.5998031380344205,0.39999715035417893
1927-11-30,0.5999593394461413,0.3999897668127274
1927-12-31,0.599896081009012,0.39998577500984245
1928-01-31,0.5999124174959138,0.3999922046615937
1928-02-29,0.599824227639846,0.39998409520762107
1928-03-31,0.5998401858553953,0.39999633703057325
1928-04-30,0.5998132162722907,0.39998694683552144
1928-05-31,0.5999534087331451,0.3999913378321855
1928-06-30,0.599904796700796,0.39998708667978805
1928-07-31,0.5998551974771407,0.39998693182728806
1928-08-31,0.5999138259021799,0.39997796237784855
1928-09-30,0.5999432490176112,0.3999811806176429
1928-10-31,0.5999379196234677,0.39999602715674626
1928-11-30,0.5999562666941164,0.39998909243513653
1928-12-31,0.5998823179767527,0.3999794279401162
1929-01-31,0.5998312189541205,0.39998225708149004
1929-02-28,0.5998643401278737,0.39998252896335823
1929-03-31,0.599858376661221,0.3999994887538568
1929-04-30,0.5998544209671133,0.39998333843127604
1929-05-31,0.5997741543980712,0.3999787329092655
1929-06-30,0.5998453243146696,0.3999997497536553
1929-07-31,0.599780303406187,0.39998628148649396
1929-08-31,0.5999945211862551,0.399998546248305
1929-09-30,0.5999730622841333,0.39998282948248404
1929-10-31,0.5997903272596329,0.3999943344376324
1929-11-30,0.5999902788300013,0.39999362894822554
1929-12-31,0.5998221058155592,0.3999815354308564
1930-01-31,0.5998750862302975,0.3999885260480757
1930-02-28,0.5997882215932164,0.39997798907515403
1930-03-31,0.5998833635326508,0.3999935752963957
1930-04-30,0.599974844678025,0.3999968112054593
1930-05-31,0.5999608430758002,0.39999312480606186
1930-06-30,0.5998073176545594,0.399981128483684
1930-07-31,0.5998611395756696,0.3999950153890464
1930-08-31,0.5998840148537795,0.39999468943271355
1930-09-30,0.599804984331377,0.399997956366151
1930-10-31,0.5998291215336897,0.3999768415609153
1930-11-30,0.599872346399558,0.39999754107425556
1930-12-31,0.5998750248492462,0.3999879314105636
1931-01-31,0.5998213252088906,0.3999750873856996
1931-02-28,0.5997998088034422,0.3999867136411046
1931-03-31,0.5999100505571817,0.39999988646992546
1931-04-30,0.5999840197544646,0.3999894766059618
1931-05-31,0.5998431466666794,0.3999714285643452
1931-06-30,0.5999355667697112,0.3999809414228643
1931-07-31,0.599859878417201,0.3999819319458055
1931-08-31,0.5999800272548196,0.3999960012110296
1931-09-30,0.5999064945139969,0.3999707867126218
1931-10-31,0.5998384167384061,0.3999821199803834
1931-11-30,0.5998922817954115,0.39999662183495
1931-12-31,0.5999650665669546,0.3999715349224412
1932-01-31,0.5999094693948095,0.3999890678926938
1932-02-29,0.5998637173351768,0.3999844774781254
1932-03-31,0.599970617988194,0.3999688525024806
1932-04-30,0.5999118550550478,0.39997075221814554
1932-05-31,0.5999553466556838,0.3999681841226352
1932-06-30,0.5999106012449491,0.3999683515717584
1932-07-31,0.5999124809646778,0.3999919682955628
1932-08-31,0.5999420829237254,0.39998007600836527
1932-09-30,0.599965383542708,0.3999927911152967
1932-10-31,0.5999651607539443,0.3999662689989983
1932-11-30,0.5999673836742251,0.3999988874503151
1932-12-31,0.599973438256059,0.399975689093074
1933-01-31,0.5999964399472092,0.3999898620247862
1933-02-28,0.5998937023380075,0.3999920641565605
1933-03-31,0.5998942403595862,0.3999812490530707
1933-04-30,0.5999007398183751,0.3999657564826706
1933-05-31,0.5999338573451914,0.39997504190136124
1933-06-30,0.599907249811324,0.3999923566311505
1933-07-31,0.5998601385486992,0.39999611576222127
1933-08-31,0.5999689551390875,0.3999986823253535
1933-09-30,0.599993934154253,0.3999915749515714
1933-10-31,0.5999006399905689,0.39998778958787223
1933-11-30,0.599866029837183,0.3999842643618897
1933-12-31,0.599904657031299,0.3999732620221039
1934-01-31,0.5999651889653673,0.3999728106868713
1934-02-28,0.5998662305072823,0.39998055032814667
1934-03-31,0.5999685466777378,0.39996957154787427
1934-04-30,0.5999825748376301,0.39997443134506905
1934-05-31,0.599979261938902,0.39997320232743255
1934-06-30,0.5998767465090074,0.39998375731506974
1934-07-31,0.5999002604040654,0.39999542778811503
1934-08-31,0.599880918987536,0.3999806083414317
1934-09-30,0.5999207764729413,0.3999687758005403
1934-10-31,0.5998755584216197,0.39996683213775647
1934-11-30,0.5998792378593394,0.3999701849981375
1934-12-31,0.5999898588845277,0.39998388091986264
1935-01-31,0.5999193593056863,0.3999941282740273
1935-02-28,0.5999314695522643,0.3999675062840091
1935-03-31,0.5999608744132956,0.39999703829183497
1935-04-30,0.5999814236225994,0.39999791194100764
1935-05-31,0.5998652052054966,0.39998682149632525
1935-06-30,0.5999815519796513,0.3999879707341082
1935-07-31,0.5998440764739578,0.39999286524763844
1935-08-31,0.5998609993245668,0.39999792849656157
1935-09-30,0.5999535647911616,0.3999862098781709
1935-10-31,0.5998529642976709,0.39998846783682673
1935-11-30,0.5998682842269837,0.3999809861650567
1935-12-31,0.5998575858230117,0.3999748362553113
1936-01-31,0.5999802998002143,0.39999843495785703
1936-02-29,0.5998889103239647,0.3999903682455912
1936-03-31,0.599997543762547,0.3999864307952486
1936-04-30,0.5998659120616766,0.3999860998197783
1936-05-31,0.5999892692155057,0.39998634604128297
1936-06-30,0.5999314252642339,0.3999982399509011
1936-07-31,0.599969674820015,0.3999916100263518
1936-08-31,0.5999427114232837,0.3999773722145642
1936-09-30,0.5999146355867803,0.399999174659139
1936-10-31,0.5999122507928111,0.3999911714977955
1936-11-30,0.5999330781430843,0.3999952880404814
1936-12-31,0.5999954966737522,0.3999997790243042
1937-01-31,0.5999904695793826,0.39999797080799177
1937-02-28,0.5998642201500733,0.3999964023876073
1937-03-31,0.599865663075072,0.39999148552012864
1937-04-30,0.5998437796172019,0.3999786635899383
1937-05-31,0.5998213919957702,0.399983382773812
1937-06-30,0.5999340936776804,0.3999935250837749
1937-07-31,0.5999855482519725,0.3999824526725777
1937-08-31,0.5999945050101476,0.39998687252126947
1937-09-30,0.5998357650561893,0.39999943881870115
1937-10-31,0.5998825533043836,0.3999903947588406
1937-11-30,0.5999643502189761,0.39999360813735774
1937-12-31,0.5999358087931164,0.3999794286684893
1938-01-31,0.5999821746914477,0.3999768308722125
1938-02-28,0.5999199449418229,0.399982053176504
1938-03-31,0.5998935452914226,0.3999976616070577
1938-04-30,0.5998722138886967,0.39997447942464676
1938-05-31,0.599927916034144,0.39997940604921867
1938-06-30,0.5999045378619935,0.39998871129148156
1938-07-31,0.5999745433101831,0.3999873556189796
1938-08-31,0.5998471532222759,0.3999905282322454
1938-09-30,0.599999166277281,0.3999959829343601
1938-10-31,0.599997592951332,0.399990312270839
1938-11-30,0.5998973627952513,0.39999788704607264
1938-12-31,0.5998968161572067,0.3999809578257319
1939-01-31,0.5998524771901984,0.39999569343777625
1939-02-28,0.599985026791398,0.39998674802392364
1939-03-31,0.599972688187748,0.399984809643433
1939-04-30,0.599911782795171,0.39998061861183326
1939-05-31,0.5998866403250798,0.3999742533504661
1939-06-30,0.5999657469515493,0.3999792016393391
1939-07-31,0.5999507755664234,0.39998016834584527
1939-08-31,0.5999579493975667,0.3999750424313652
1939-09-30,0.5998789890219458,0.3999921016295815
1939-10-31,0.5999841644016516,0.3999985336090535
1939-11-30,0.5999620010393012,0.39999967958856625
1939-12-31,0.5999741730601971,0.39998958862198913
1940-01-31,0.5999113399511978,0.3999976496728022
1940-02-29,0.5999600020223838,0.39998144412765585
1940-03-31,0.5999442826939446,0.3999852464089097
1940-04-30,0.5999459297998793,0.3999995687618376
1940-05-31,0.5999699438879277,0.3999891501452107
1940-06-30,0.5999826739974373,0.3999756130904566
1940-07-31,0.5999445775918681,0.399978628275551
1940-08-31,0.5999499051488159,0.39999787197021813
1940-09-30,0.5999829684832189,0.39999236785290254
1940-10-31,0.5999235181854639,0.3999912548904399
1940-11-30,0.5998917976389695,0.3999848405495368
1940-12-31,0.5999051112082948,0.39999386960308964
1941-01-31,0.5999759699561288,0.3999996871577055
1941-02-28,0.5999427458601619,0.3999752405441731
1941-03-31,0.5999411947978124,0.3999736809318291
1941-04-30,0.5999506722554219,0.3999783775918766
1941-05-31,0.5998833050955092,0.3999972054045417
1941-06-30,0.5999434711629942,0.39998923997290975
1941-07-31,0.5998676133834172,0.39999742581744974
1941-08-31,0.5998779291508349,0.39997280752572517
1941-09-30,0.5999074096657251,0.39997424406627047
1941-10-31,0.5999073763643953,0.39999851412229737
1941-11-30,0.5998889448398214,0.3999786286779444
1941-12-31,0.5998823838887093,0.39999698056246336
1942-01-31,0.599998281262539,0.39996964219831
1942-02-28,0.599967227299404,0.3999959906773984
1942-03-31,0.5999012499327723,0.399979311486731
1942-04-30,0.5999524500230577,0.39997598886756347
1942-05-31,0.5999643319165152,0.3999897022500045
1942-06-30,0.5999993351607876,0.3999719659318093
1942-07-31,0.5999857697200798,0.399992131497277
1942-08-31,0.5999705218900222,0.39998308776859776
1942-09-30,0.5999769185299791,0.3999844432166363
1942-10-31,0.5999705877675847,0.39998245708804264
1942-11-30,0.5999633316410071,0.39997302450696437
1942-12-31,0.5999750852337935,0.3999951603222571
1943-01-31,0.599978678363626,0.39998040986996747
1943-02-28,0.5998872743447303,0.399993264880562
1943-03-31,0.5999858279160505,0.39998391872545214
1943-04-30,0.5998777916910033,0.3999853288295075
1943-05-31,0.5998750436051047,0.39998500103359713
1943-06-30,0.5999600639894305,0.3999969960888001
1943-07-31,0.599840963774702,0.3999773588476595
1943-08-31,0.5999122702468866,0.39999759300098553
1943-09-30,0.5998668073509055,0.3999981732095292
1943-10-31,0.5999935950275476,0.3999879118706716
1943-11-30,0.5999874525853595,0.3999779722302154
1943-12-31,0.5998512431283196,0.3999991581309733
1944-01-31,0.5998798580104073,0.3999916611542363
1944-02-29,0.5998559987034568,0.3999812523096568
1944-03-31,0.5998743045274983,0.39999649515406493
1944-04-30,0.5998514487430696,0.39999954760611683
1944-05-31,0.5999053261430938,0.39998204610508364
1944-06-30,0.5999265384389851,0.39998322355309474
1944-07-31,0.5998590435599893,0.39999068498759643
1944-08-31,0.599991845685518,0.3999915906865092
1944-09-30,0.5998727116819886,0.39998691680024706
1944-10-31,0.599991156830796,0.3999916274240607
1944-11-30,0.5999716337534727,0.3999853987545223
1944-12-31,0.5999731058071003,0.3999906479304531
1945-01-31,0.5998844707256361,0.39999843350903275
1945-02-28,0.5999199814855511,0.3999813720128758
1945-03-31,0.5998298965824158,0.399993666391495
1945-04-30,0.5999621635174603,0.3999815537952466
1945-05-31,0.5999729846057986,0.3999893668252767
1945-06-30,0.59987221962242,0.39999760715652916
1945-07-31,0.599958035246054,0.39999790611758995
1945-08-31,0.5999883812811141,0.3999941249027384
1945-09-30,0.5999967551667984,0.399995690477231
1945-10-31,0.5999489575547094,0.39999241220417675
1945-11-30,0.5999489148522755,0.3999842030145206
1945-12-31,0.5999805566481928,0.3999952088023895
1946-01-31,0.5998692511856375,0.39998574224344463
1946-02-28,0.599822312231652,0.3999859334046425
1946-03-31,0.599982031252929,0.39999403736570327
1946-04-30,0.5999569023440949,0.39999772789897103
1946-05-31,0.5998461589278604,0.3999866811142046
1946-06-30,0.5999949848986296,0.3999818467900412
1946-07-31,0.5999385262699932,0.39998639827619115
1946-08-31,0.599905995586988,0.3999858611560145
1946-09-30,0.5998419794182837,0.3999867196788241
1946-10-31,0.5999838513106783,0.39999548385482003
1946-11-30,0.5999778341580382,0.399989935719328
1946-12-31,0.5998251593232702,0.3999884207053351
1947-01-31,0.5999742490229746,0.39999850376262835
1947-02-28,0.5999598382277678,0.399988435948531
1947-03-31,0.5998705648626402,0.3999858139610079
1947-04-30,0.5999011730916436,0.3999951661321294
1947-05-31,0.5999580259910241,0.39998040564693826
1947-06-30,0.5999270380376391,0.3999999338518221
1947-07-31,0.5999266517993773,0.39999029753359766
1947-08-31,0.5999529391547709,0.3999913107095551
1947-09-30,0.5999952945795213,0.39999136764783566
1947-10-31,0.5999557009613607,0.39999693691745675
1947-11-30,0.5999527748820828,0.39999133598433373
1947-12-31,0.5999891981384647,0.3999896651176555
1948-01-31,0.5999053276538416,0.39999572608495937
1948-02-29,0.5998990183419499,0.39999937693195253
1948-03-31,0.5999171309220692,0.3999948473689081
1948-04-30,0.5998560966832975,0.39999686607666063
1948-05-31,0.5998866655911402,0.3999974489165104
1948-06-30,0.5998069648162331,0.399990842620266
1948-07-31,0.5999608612774349,0.39999713558176997
1948-08-31,0.5998534573203101,0.3999989958546144
1948-09-30,0.5998130151008352,0.39998373689473904
1948-10-31,0.5998490757598187,0.3999935224600656
1948-11-30,0.599864195230142,0.39999662254110757
1948-12-31,0.5998798108934091,0.39999893455848956
1949-01-31,0.5998778159632753,0.39998302284121934
1949-02-28,0.5999628859862106,0.39999908424486147
1949-03-31,0.5999317983871894,0.3999813426093737
1949-04-30,0.599921949337985,0.3999884326790706
1949-05-31,0.59982596216501,0.3999851680479494
1949-06-30,0.599980347738663,0.39998537479100804
1949-07-31,0.5998282661158191,0.399999748387027
1949-08-31,0.5998282914853986,0.39999094393871
1949-09-30,0.5998202286284015,0.39998367389311756
1949-10-31,0.5998691732877311,0.399996036335857
1949-11-30,0.5998192745058349,0.39998618629966215
1949-12-31,0.5998593774277813,0.3999930919742218
1950-01-31,0.5998959542130294,0.39999821059965324
1950-02-28,0.5998431066149177,0.39999350268711803
1950-03-31,0.5999831889882347,0.39999712280776345
1950-04-30,0.5999044461729359,0.3999866750706951
1950-05-31,0.5998971764111597,0.3999927898321668
1950-06-30,0.5998803895713403,0.3999888570002645
1950-07-31,0.5998729871073308,0.3999847491599946
1950-08-31,0.599935710823034,0.39998899259559273
1950-09-30,0.5998516962791299,0.39999863912393907
1950-10-31,0.5999528772785094,0.39998759597866046
1950-11-30,0.5998995157672902,0.39999278323508936
1950-12-31,0.5999508023411402,0.39998820308977423
1951-01-31,0.5999917504807639,0.39999602659929695
1951-02-28,0.5999095444428731,0.3999876984385433
1951-03-31,0.5998793151890572,0.39998828759568866
1951-04-30,0.5999110605920609,0.3999961104850693
1951-05-31,0.5999688157223201,0.3999978878580972
1951-06-30,0.599844550461373,0.3999981716075041
1951-07-31,0.5999124590841093,0.39998882430660243
1951-08-31,0.5997838820473592,0.39998744722436763
1951-09-30,0.5998245491139361,0.3999871090578441
1951-10-31,0.5997718687444208,0.39999613022095215
1951-11-30,0.5997741139499057,0.3999983056615299
1951-12-31,0.5999974129089357,0.3999893236838416
1952-01-31,0.5998140873776224,0.3999879773792803
1952-02-29,0.5998477459650894,0.3999940317734622
1952-03-31,0.5998524142821887,0.39998912220247135
1952-04-30,0.5999641587799855,0.39999226744802585
1952-05-31,0.5999013054130753,0.3999961956464475
1952-06-30,0.5998481483137856,0.39999209393264545
1952-07-31,0.5997563473422539,0.39998994190032117
1952-08-31,0.5998281289096143,0.399989254459037
1952-09-30,0.5997839969020267,0.39998896385705196
1952-10-31,0.5999439577508451,0.39998755623990345
1952-11-30,0.5998921931063184,0.39999894311660866
1952-12-31,0.5999456542981109,0.3999991387176708
1953-01-31,0.5998101304366861,0.3999951394518748
1953-02-28,0.5999886440849818,0.3999982892965804
1953-03-31,0.5998328867189959,0.39999720289321394
1953-04-30,0.5999480171525055,0.39999532103335034
1953-05-31,0.5998528648106195,0.3999988557675426
1953-06-30,0.5999659033526307,0.399994215015577
1953-07-31,0.5997491947397129,0.3999951006778388
1953-08-31,0.5998081624832281,0.39999254570696013
1953-09-30,0.5997688783852714,0.3999980147783801
1953-10-31,0.5999150246655781,0.3999951871358764
1953-11-30,0.599760975651658,0.39999013042141596
1953-12-31,0.5997540546854445,0.3999974397115725
1954-01-31,0.5999964881160909,0.3999980028262568
1954-02-28,0.5998236459353592,0.3999965599571153
1954-03-31,0.5999182031951642,0.39999513181080987
1954-04-30,0.5999437683621731,0.399995905722528
1954-05-31,0.5999571147334307,0.3999956690124244
1954-06-30,0.5998117699538834,0.39999537548526953
1954-07-31,0.5997554463944621,0.399991978457857
1954-08-31,0.5997660421290363,0.3999960371341523
1954-09-30,0.5999824014247442,0.3999928096486693
1954-10-31,0.5998722327050138,0.3999980681552249
1954-11-30,0.5998873656656984,0.3999915421767144
1954-12-31,0.5997292635575252,0.39999887676019685
1955-01-31,0.5998448801506938,0.3999948462120835
1955-02-28,0.5998218243649325,0.39999273207085767
1955-03-31,0.5997073513148481,0.3999958645892661
1955-04-30,0.5997960690026043,0.3999914020635772
1955-05-31,0.5999657090011884,0.3999942758164564
1955-06-30,0.5999538083071737,0.3999975392557909
1955-07-31,0.59995056529472,0.39999231470198243
1955-08-31,0.5996949579483583,0.3999997936641052
1955-09-30,0.5999615609259388,0.39999940311695475
1955-10-31,0.5997166971027349,0.399994914059734
1955-11-30,0.599879669598001,0.39999884014305076
1955-12-31,0.599934116649163,0.3999953532743122
1956-01-31,0.5999885720943325,0.3999949059097328
1956-02-29,0.599841658993024,0.39999378992204476
1956-03-31,0.599794326148453,0.39999339265622386
1956-04-30,0.5998350167325415,0.39999965099361795
1956-05-31,0.5997550814718342,0.39999600762053117
1956-06-30,0.5996762212346401,0.399994425757627
1956-07-31,0.5999828067650156,0.39999278490867796
1956-08-31,0.5999979990332024,0.3999966174048251
1956-09-30,0.5996723713499176,0.3999966957664275
1956-10-31,0.5998716920101923,0.3999930420776764
1956-11-30,0.5996830067264564,0.3999994386901236
1956-12-31,0.5998018493572025,0.3999941457744632
1957-01-31,0.5999329197097297,0.39999592942271955
1957-02-28,0.599818812076111,0.39999521069786975
1957-03-31,0.5996721694775933,0.39999338722769184
1957-04-30,0.599671631222521,0.39999479705372876
1957-05-31,0.5997380753651148,0.39999566523856106
1957-06-30,0.5999450313336272,0.39999684521201384
1957-07-31,0.5999637985773777,0.3999933227396725
1957-08-31,0.5999954957720959,0.39999798681891074
1957-09-30,0.5996884482336434,0.3999982204815778
1957-10-31,0.5998225150353518,0.3999989823523932
1957-11-30,0.5997469542868302,0.3999975951523431
1957-12-31,0.5996974013641958,0.39999578852037854
1958-01-31,0.5998274930102538,0.3999968647085328
1958-02-28,0.599982846926449,0.3999954980077915
1958-03-31,0.5999837809133384,0.39999633633011045
1958-04-30,0.5998470280489426,0.3999919586260781
1958-05-31,0.5998394894047793,0.39999792114610616
1958-06-30,0.5999036983935985,0.3999929963481163
1958-07-31,0.5997700600906278,0.39999685076034514
1958-08-31,0.5997821475484564,0.39999708471821327
1958-09-30,0.5998247370153901,0.39999864892218767
1958-10-31,0.5997554563627194,0.39999653102570365
1958-11-30,0.599829072126816,0.3999986126851825
1958-12-31,0.5998154277192524,0.3999946610060313
1959-01-31,0.599855831447339,0.399998147916108
1959-02-28,0.5999526455403577,0.39999988105922374
1959-03-31,0.599775439888963,0.39999741343644135
1959-04-30,0.59994273615336,0.3999981873308522
1959-05-31,0.5998972724856839,0.3999976943442421
1959-06-30,0.5997471846422837,0.39999691732005815
1959-07-31,0.5999654840311871,0.3999978996915064
1959-08-31,0.5996995285141126,0.3999941963085738
1959-09-30,0.5998572853612377,0.3999993841010435
1959-10-31,0.5997366714300346,0.39999397469274994
1959-11-30,0.5999429140039464,0.3999949642729434
1959-12-31,0.5999544153354092,0.39999885913999533
1960-01-31,0.5996370534879142,0.3999965027784344
1960-02-29,0.599767580622773,0.3999957952768672
1960-03-31,0.5996604946184612,0.39999652743556224
1960-04-30,0.5998870559761872,0.3999980435659955
1960-05-31,0.5996313032221937,0.3999988312160424
1960-06-30,0.5998515833171548,0.39999504542326697
1960-07-31,0.5997330425745488,0.3999952895849517
1960-08-31,0.5998393249245493,0.3999943664650263
1960-09-30,0.5997876764919523,0.39999553485865036
1960-10-31,0.5998482769535293,0.39999790384376593
1960-11-30,0.5997796940336754,0.3999993795438439
1960-12-31,0.5998638420471663,0.39999765691526235
1961-01-31,0.5999396495804166,0.39999998174767254
1961-02-28,0.5996218936152251,0.39999639007364135
1961-03-31,0.5997191087288313,0.39999454610773033
1961-04-30,0.5997203265793672,0.39999689515844816
1961-05-31,0.5996256891057156,0.3999956041463178
1961-06-30,0.5996548642018057,0.399997675347861
1961-07-31,0.5997164031695801,0.3999963720666832
1961-08-31,0.5997639661822296,0.3999971010657137
1961-09-30,0.5998529705899653,0.3999971625971205
1961-10-31,0.5996451043843807,0.3999951865925345
1961-11-30,0.5998220801075451,0.39999619601617636
1961-12-31,0.5998782575605883,0.3999966915330459
1962-01-31,0.5998705517954441,0.399999238133759
1962-02-28,0.5999750990958791,0.3999951397927015
1962-03-31,0.5999691038169681,0.39999892283974126
1962-04-30,0.5997791267923942,0.3999949963182124
1962-05-31,0.599895724714951,0.39999925791804813
1962-06-30,0.5998956885928032,0.3999958438111366
1962-07-31,0.5997713715799676,0.39999967240672185
1962-08-31,0.5999028916569691,0.3999955365879432
1962-09-30,0.5998743512896282,0.39999986469697413
1962-10-31,0.5997896598611253,0.3999971451845301
1962-11-30,0.5996786646696259,0.3999962123379388
1962-12-31,0.5999143378355607,0.3999993230655527
1963-01-31,0.5996878535257989,0.39999732610647215
1963-02-28,0.5996270525535882,0.39999799778101636
1963-03-31,0.5998892985447133,0.39999416798307963
1963-04-30,0.5996156150527823,0.39999908741364304
1963-05-31,0.5998812844527536,0.39999695443460953
1963-06-30,0.599926039165225,0.3999989104779685
1963-07-31,0.5997204321909829,0.3999981353296288
1963-08-31,0.5996708435127763,0.39999899715519904
1963-09-30,0.5997853801838242,0.3999999927879165
1963-10-31,0.5998004158715605,0.39999669415434264
1963-11-30,0.5997114002471635,0.399996054589499
1963-12-31,0.5999332127551218,0.39999916799520124
1964-01-31,0.5996829651768456,0.3999946479496261
1964-02-29,0.5999077784069119,0.3999966150270633
1964-03-31,0.5996582594963838,0.3999952991825005
1964-04-30,0.5998406727657107,0.3999958560696873
1964-05-31,0.5996499565165594,0.39999893091178507
1964-06-30,0.5995870929662623,0.3999995459493747
1964-07-31,0.5997891759280384,0.3999991929438062
1964-08-31,0.5997899089709797,0.39999880824762174
1964-09-30,0.5997786827252168,0.3999970080895566
1964-10-31,0.5997990996207165,0.39999863010447134
1964-11-30,0.5999376538730543,0.39999808151236066
1964-12-31,0.5999659651102152,0.3999950414939437
1965-01-31,0.5997959003188148,0.39999766209896864
1965-02-28,0.5997670756135057,0.3999961042525734
1965-03-31,0.5998915449877684,0.3999955306200791
1965-04-30,0.5996411515365113,0.39999541893905827
1965-05-31,0.5996406890106946,0.39999676264246575
1965-06-30,0.599926808308861,0.39999610622326565
1965-07-31,0.5998906516485875,0.39999941912268144
1965-08-31,0.5999342415251616,0.3999966849083832
1965-09-30,0.5995837618090644,0.39999946639569267
1965-10-31,0.5998480076932945,0.39999901281809963
1965-11-30,0.5996798185731751,0.3999958260576153
1965-12-31,0.599882235941703,0.39999659200320664
1966-01-31,0.5998264477424583,0.3999959549228563
1966-02-28,0.5999514520464544,0.39999625855774973
1966-03-31,0.5998609703149449,0.3999984398257746
1966-04-30,0.5996946279532329,0.39999669097536705
1966-05-31,0.5999800547082451,0.3999960454581396
1966-06-30,0.5997990134547586,0.39999531783728515
1966-07-31,0.5998755556185398,0.3999981261064924
1966-08-31,0.5996862742495088,0.3999950638526609
1966-09-30,0.5996685689529377,0.39999483741179886
1966-10-31,0.5998835983024914,0.3999979466555918
1966-11-30,0.5997350711117825,0.3999957128482072
1966-12-31,0.599712718927383,0.3999992249584003
1967-01-31,0.5998052472950541,0.3999989958234936
1967-02-28,0.5998880178797791,0.39999612548164737
1967-03-31,0.5999907603780578,0.39999897091259445
1967-04-30,0.5996516653461481,0.3999989969939382
1967-05-31,0.5999529380552261,0.39999899490711205
1967-06-30,0.5998104503289461,0.3999996063912376
1967-07-31,0.599893147581644,0.3999974474730602
1967-08-31,0.5995834848632804,0.39999808820697014
1967-09-30,0.5998583379753218,0.3999982867029418
1967-10-31,0.5997603299972052,0.39999694699200045
1967-11-30,0.5999752364181858,0.39999897412468566
1967-12-31,0.599873817643208,0.3999986071459246
1968-01-31,0.5999304626858348,0.39999932859509485
1968-02-29,0.5997209683287948,0.3999961817634761
1968-03-31,0.5997510040894293,0.3999979420345851
1968-04-30,0.5998593790571033,0.3999988668137849
1968-05-31,0.5998289411932984,0.3999995529906499
1968-06-30,0.5997821164205378,0.39999635690365265
1968-07-31,0.5997677232942655,0.3999987668564549
1968-08-31,0.599845735546598,0.3999968452905433
1968-09-30,0.5999337350712676,0.39999741898665275
1968-10-31,0.5995930431295202,0.39999982936370787
1968-11-30,0.5999339705959048,0.3999965216703621
1968-12-31,0.5997578796286208,0.39999751166779934
1969-01-31,0.5995775131751288,0.3999974870891031
1969-02-28,0.5996079476332432,0.39999646147706036
1969-03-31,0.5998007039739015,0.39999795911061264
1969-04-30,0.5996620669134793,0.3999974989710859
1969-05-31,0.5995686810342332,0.39999984320780846
1969-06-30,0.5997332944595573,0.3999999524522724
1969-07-31,0.5996039343064706,0.3999956309760819
1969-08-31,0.5997260725739674,0.3999997946041414
1969-09-30,0.5995666319553861,0.3999998914324231
1969-10-31,0.59991780982537,0.39999665583585875
1969-11-30,0.5997086300043497,0.3999991869651436
1969-12-31,0.5998532727127311,0.3999994069303301
1970-01-31,0.5999791514700226,0.3999957502338678
1970-02-28,0.5999489681543203,0.39999709579920134
1970-03-31,0.5996031879922455,0.39999908071214607
1970-04-30,0.5998820020089658,0.399997549844911
1970-05-31,0.5999772400818848,0.39999983419684215
1970-06-30,0.599770736428762,0.399994887836981
1970-07-31,0.5997704249649088,0.39999848780534525
1970-08-31,0.5996386684173782,0.3999986217505624
1970-09-30,0.5995786105535509,0.3999983403769641
1970-10-31,0.5995963386247082,0.39999873849044704
1970-11-30,0.599719065268105,0.3999965109843813
1970-12-31,0.5996866059559345,0.3999959018908801
1971-01-31,0.5995997565573378,0.3999975208321506
1971-02-28,0.599854922894656,0.39999737839172006
1971-03-31,0.5997712262267095,0.3999969515521514
1971-04-30,0.5996901034227087,0.39999548932960655
1971-05-31,0.5995736740086492,0.39999780119162015
1971-06-30,0.5996731079274168,0.3999960468046781
1971-07-31,0.5999464238819746,0.39999989590023377
1971-08-31,0.5999865861376262,0.399995854159935
1971-09-30,0.5997877042915012,0.3999978578503755
1971-10-31,0.5995694791918597,0.39999742985846115
1971-11-30,0.5999319607609693,0.3999973514616612
1971-12-31,0.5996628229727466,0.39999834335849255
1972-01-31,0.5996980998096579,0.3999994758607616
1972-02-29,0.5996929047951534,0.3999999137633256
1972-03-31,0.5995538684182334,0.3999995378833138
1972-04-30,0.5998500263877703,0.3999982997912881
1972-05-31,0.5999448745973839,0.39999934162345174
1972-06-30,0.5997967601251998,0.39999698257129285
1972-07-31,0.5996281354055317,0.3999990289561526
1972-08-31,0.5997948496516694,0.3999970472032882
1972-09-30,0.5995386485405171,0.39999739124689754
1972-10-31,0.5996764870961215,0.3999975926699233
1972-11-30,0.5997848863442137,0.3999961937354074
1972-12-31,0.5999772210099532,0.3999967419915667
1973-01-31,0.599722064435121,0.39999684660185664
1973-02-28,0.5998444255286149,0.39999846383298543
1973-03-31,0.5998265653836283,0.3999979808508046
1973-04-30,0.5998914461703447,0.3999964747893148
1973-05-31,0.5998960227382392,0.39999646278121936
1973-06-30,0.5999780006872184,0.39999868323482146
1973-07-31,0.5996449904812533,0.3999973220236574
1973-08-31,0.5998791449144517,0.3999999855261796
1973-09-30,0.5997619116182964,0.3999959073388678
1973-10-31,0.5999665313047932,0.3999971332396578
1973-11-30,0.5997526466722292,0.39999887901137593
1973-12-31,0.5996722575940897,0.39999642121653634
1974-01-31,0.5995950535961451,0.3999999904710702
1974-02-28,0.5999438559777882,0.39999555797308894
1974-03-31,0.5999038298664324,0.39999729453441896
1974-04-30,0.59980094437679,0.3999976684226257
1974-05-31,0.5998667560420896,0.3999993454831093
1974-06-30,0.5997284194294558,0.3999952806781389
1974-07-31,0.5996383962092117,0.3999967378012643
1974-08-31,0.5999585345501764,0.3999977154024872
1974-09-30,0.5999791841063917,0.39999893846057966
1974-10-31,0.5996654776055232,0.39999915220315596
1974-11-30,0.5998470861688613,0.39999932078574024
1974-12-31,0.5998433436296872,0.3999999068689949
1975-01-31,0.5997434191825785,0.3999973091784186
1975-02-28,0.5998249030740163,0.39999916028533794
1975-03-31,0.5997397178394444,0.399997524617638
1975-04-30,0.5996813988651903,0.3999991913292745
1975-05-31,0.5997022122005563,0.399997702881625
1975-06-30,0.5997704358913116,0.3999980044910466
1975-07-31,0.5999286073914308,0.3999958261076103
1975-08-31,0.5997698655641877,0.39999575808276927
1975-09-30,0.5997118817742898,0.3999973373823825
1975-10-31,0.5997795284983878,0.3999972070274964
1975-11-30,0.5997064280048805,0.3999982221990431
1975-12-31,0.5998581534727212,0.3999984314300459
1976-01-31,0.599744633165594,0.3999973613603473
1976-02-29,0.599988866603332,0.39999556795569396
1976-03-31,0.5998203184348959,0.3999957180751515
1976-04-30,0.5999941493615023,0.3999956864904514
1976-05-31,0.5996243011721505,0.3999991990922605
1976-06-30,0.5997357165823128,0.39999917392374656
1976-07-31,0.5995804353767124,0.3999997901142905
1976-08-31,0.5998512827576115,0.399997720894997
1976-09-30,0.5995833385169267,0.3999999905124901
1976-10-31,0.5998498740861096,0.39999875671884444
1976-11-30,0.5997209512972544,0.39999605339826677
1976-12-31,0.5998902402063657,0.3999958143220775
1977-01-31,0.5996710692693067,0.3999953681903133
1977-02-28,0.5996419079025203,0.39999754461851966
1977-03-31,0.5997081025373612,0.39999646545601153
1977-04-30,0.599657469461378,0.39999883474682585
1977-05-31,0.5995994495354642,0.3999987338589534
1977-06-30,0.5999726568047773,0.39999936247081086
1977-07-31,0.5999916951263531,0.39999535417629384
1977-08-31,0.5998080875165833,0.39999563135291255
1977-09-30,0.5996033425171954,0.39999878063010985
1977-10-31,0.5996403713461208,0.3999953696943282
1977-11-30,0.5998254441783899,0.39999549612024765
1977-12-31,0.5996285360788064,0.3999970753923513
1978-01-31,0.5997680275551271,0.39999838542581984
1978-02-28,0.5996681637754268,0.3999995204948755
1978-03-31,0.5999162764945812,0.39999884314763096
1978-04-30,0.5997275256293159,0.39999913980552787
1978-05-31,0.5996160721754779,0.39999875369706944
1978-06-30,0.5999873440428737,0.3999970739220245
1978-07-31,0.5997546697913352,0.399995327434979
1978-08-31,0.5998753388801423,0.3999964738602592
1978-09-30,0.599714057637536,0.39999683535464453
1978-10-31,0.599765035494845,0.3999988343187542
1978-11-30,0.5997569717471604,0.39999610104521915
1978-12-31,0.5999498524989687,0.39999738224883047
1979-01-31,0.5998062253762279,0.39999881998043696
1979-02-28,0.5998751571425586,0.3999956408009172
1979-03-31,0.5997939004628705,0.3999976539900562
1979-04-30,0.599641649171721,0.3999981859714187
1979-05-31,0.5998255213178976,0.39999960952111724
1979-06-30,0.5995940093710729,0.39999683874934494
1979-07-31,0.599762325634406,0.3999969957045225
1979-08-31,0.5998155215776679,0.39999772560037106
1979-09-30,0.5998224637414248,0.3999962098600078
1979-10-31,0.5999110516542197,0.3999988153765071
1979-11-30,0.5997671004126839,0.39999790475757463
1979-12-31,0.59974392356631,0.39999618870008324
1980-01-31,0.5999526948202507,0.39999910494853164
1980-02-29,0.5997746805624216,0.3999968853355815
1980-03-31,0.5996654846839519,0.39999675352929753
1980-04-30,0.5999308463058647,0.39999821434991395
1980-05-31,0.599799281729188,0.3999982916229335
1980-06-30,0.5997295046853635,0.39999795034857105
1980-07-31,0.5998515892648769,0.39999692134753617
1980-08-31,0.5997547192192333,0.3999993286069556
1980-09-30,0.5999769211534283,0.3999983404501
1980-10-31,0.5997936265830045,0.39999922655224807
1980-11-30,0.5997629469481521,0.39999857071158434
1980-12-31,0.599838946208663,0.3999972032508404
1981-01-31,0.5998156547837035,0.39999769396405727
1981-02-28,0.5995800868718654,0.3999974128224103
1981-03-31,0.5999323258355026,0.39999683775739603
1981-04-30,0.5995513636510748,0.39999964157930923
1981-05-31,0.5999808059869616,0.39999956350821164
1981-06-30,0.5998671851212196,0.3999968618590383
1981-07-31,0.5996645374331612,0.39999662099073446
1981-08-31,0.5995394628827961,0.399997088619392
1981-09-30,0.5998292796347098,0.39999802669421686
1981-10-31,0.5997302675848013,0.3999977085678925
1981-11-30,0.599725580837653,0.3999983474649149
1981-12-31,0.5998635556383094,0.39999916624387905
1982-01-31,0.5997745733759485,0.3999996262245427
1982-02-28,0.5996096957624186,0.39999818891013134
1982-03-31,0.5997595121553175,0.39999872111063256
1982-04-30,0.5998889232766466,0.39999640621285265
1982-05-31,0.5997522388988059,0.39999636970291375
1982-06-30,0.5998703772951341,0.39999980922588324
1982-07-31,0.5997126813484309,0.39999778828849064
1982-08-31,0.599606936690944,0.39999973119860843
1982-09-30,0.5997289385422013,0.3999995243390495
1982-10-31,0.5997867047514778,0.39999631763239996
1982-11-30,0.5996020525322419,0.3999993017387985
1982-12-31,0.5997128568108856,0.3999985942713514
1983-01-31,0.5999786296811757,0.39999905074097547
1983-02-28,0.5999417095832268,0.39999615882691963
1983-03-31,0.5998130781502861,0.39999781879153495
1983-04-30,0.5999699386583741,0.399998571281266
1983-05-31,0.5995510027429387,0.39999837297600105
1983-06-30,0.5998813992812382,0.39999714295274386
1983-07-31,0.5995733802046195,0.39999713166766915
1983-08-31,0.599851238082758,0.3999976862782047
1983-09-30,0.5996579361545861,0.39999882830738215
1983-10-31,0.5996533369874569,0.3999978988821602
1983-11-30,0.5998430603352229,0.3999972254189448
1983-12-31,0.5998193606798751,0.3999962247429458
1984-01-31,0.5998150730788415,0.3999993801076347
1984-02-29,0.5996100011012443,0.399997749979017
1984-03-31,0.5997204345854937,0.39999886031318244
1984-04-30,0.5999230063655654,0.3999985175841746
1984-05-31,0.5998854090013059,0.39999645381134863
1984-06-30,0.59986805299907,0.3999968319727989
1984-07-31,0.59961831365231,0.39999712957023387
1984-08-31,0.5995338263882812,0.3999986458222243
1984-09-30,0.5999500110809337,0.39999874144840736
1984-10-31,0.5999567782581183,0.399997816591798
1984-11-30,0.5998833821257049,0.39999735409913145
1984-12-31,0.599630363719015,0.39999995100947455
1985-01-31,0.5995934913866009,0.3999994405884123
1985-02-28,0.5998918781101344,0.39999762264413974
1985-03-31,0.5998141078353599,0.3999968861500979
1985-04-30,0.5995854851794531,0.39999630009702386
1985-05-31,0.5999145164421897,0.39999988950707294
1985-06-30,0.5997182702781615,0.3999981595770997
1985-07-31,0.5995467192956564,0.39999899457020116
1985-08-31,0.5996077625902102,0.39999687318139104
1985-09-30,0.5999970950029654,0.3999967288169679
1985-10-31,0.5997955265033513,0.3999970874080655
1985-11-30,0.5995997294018244,0.3999968491530467
1985-12-31,0.5998744406986453,0.39999995246053177
1986-01-31,0.5996477660703236,0.3999986565735876
1986-02-28,0.5998913686690194,0.3999961365662627
1986-03-31,0.5995794248724053,0.3999971142198598
1986-04-30,0.599881620079774,0.39999757653046797
1986-05-31,0.5999292941474144,0.3999992825679476
1986-06-30,0.5997980622144811,0.39999758097931293
1986-07-31,0.5995981903540947,0.3999993730783005
1986-08-31,0.5995658360809374,0.399997485161617
1986-09-30,0.599662273750168,0.39999822637023247
1986-10-31,0.5995356443522751,0.39999753523327847
1986-11-30,0.5998602184053472,0.39999697554391805
1986-12-31,0.5995368229995999,0.3999973910109809
1987-01-31,0.5995512397046174,0.3999971276648933
1987-02-28,0.5996603088244885,0.3999978520883869
1987-03-31,0.5995836193404428,0.39999891617877703
1987-04-30,0.5998331011144781,0.39999668664784205
1987-05-31,0.5999906381568038,0.39999682959154115
1987-06-30,0.599527837222173,0.3999996736623871
1987-07-31,0.5996354822854627,0.39999877329311134
1987-08-31,0.599953258703306,0.3999998866733132
1987-09-30,0.5997436445222873,0.39999787238796863
1987-10-31,0.5995795521528382,0.3999992933424443
1987-11-30,0.5998985460250333,0.3999970191908242
1987-12-31,0.5999576441142447,0.39999764347685746
1988-01-31,0.5996866546479583,0.39999931118464727
1988-02-29,0.5997582290251767,0.3999976665805089
1988-03-31,0.5998474404799367,0.39999997921446856
1988-04-30,0.5996694610186695,0.3999984438801158
1988-05-31,0.5997215344925095,0.39999758605548835
1988-06-30,0.5998900154424274,0.3999975620444346
1988-07-31,0.5998948111381611,0.3999977008409273
1988-08-31,0.5999287663003637,0.3999984771615645
1988-09-30,0.5998371311271061,0.39999852564952004
1988-10-31,0.5998029124589105,0.39999778180512613
1988-11-30,0.5995160783337211,0.3999988961885599
1988-12-31,0.5996757450801977,0.39999678535025607
1989-01-31,0.599795071698005,0.39999976776371104
1989-02-28,0.599670654343631,0.3999991654781818
1989-03-31,0.5995517285128242,0.39999872561854616
1989-04-30,0.5995009061888242,0.39999798193986713
1989-05-31,0.5997239641977491,0.3999980963227066
1989-06-30,0.5996808058151482,0.39999965338615584
1989-07-31,0.5996027497570793,0.3999994513746216
1989-08-31,0.5997703075522699,0.3999994025499726
1989-09-30,0.5999863492196993,0.39999960815649904
1989-10-31,0.5995595999271187,0.39999923980036256
1989-11-30,0.5995480999980837,0.399997940844857
1989-12-31,0.5994928676307604,0.39999797560754874
1990-01-31,0.5995211263770195,0.39999982903446407
1990-02-28,0.5996761835709564,0.39999685561832793
1990-03-31,0.59986338520826,0.39999768368170774
1990-04-30,0.5997654814103516,0.39999789411339987
1990-05-31,0.5997878957853288,0.3999993833506491
1990-06-30,0.5998789622570925,0.3999993104506453
1990-07-31,0.599872676174816,0.3999987335450557
1990-08-31,0.599665310644781,0.39999691188742287
1990-09-30,0.5997179741224944,0.3999988863810095
1990-10-31,0.5999802922954721,0.399996992235916
1990-11-30,0.5997724629155159,0.3999981542613366
1990-12-31,0.5998856268006549,0.39999794534890026
1991-01-31,0.5997916039462956,0.3999979470554852
1991-02-28,0.5998722557168946,0.3999997294460111
1991-03-31,0.599911077435479,0.39999852361017224
1991-04-30,0.5999131833761662,0.39999843719670686
1991-05-31,0.5997844661234777,0.3999983158177077
1991-06-30,0.5999048364566695,0.39999971832100273
1991-07-31,0.5997864003346992,0.39999715567658645
1991-08-31,0.5997016659307601,0.3999990119836504
1991-09-30,0.5999198604146521,0.3999972918900424
1991-10-31,0.599619551348407,0.39999756161505257
1991-11-30,0.5995445792487303,0.39999936884586473
1991-12-31,0.5998868010404589,0.39999929297996756
1992-01-31,0.5998302143124905,0.39999933173333785
1992-02-29,0.5997746363764496,0.39999994973986736
1992-03-31,0.5996436906651411,0.3999976221655409
1992-04-30,0.5995740786431535,0.39999750403759304
1992-05-31,0.5996305109631853,0.3999997582512727
1992-06-30,0.5998773838821365,0.3999995205938992
1992-07-31,0.5999722588194568,0.39999908594870387
1992-08-31,0.599872125070251,0.39999827668407384
1992-09-30,0.599563586949821,0.39999772595616867
1992-10-31,0.5999208053373657,0.3999968448418135
1992-11-30,0.59998551043387,0.39999717337337465
1992-12-31,0.599815970247846,0.39999959738555924
1993-01-31,0.5997012036456666,0.3999980720297963
1993-02-28,0.5998096306635973,0.39999919432156117
1993-03-31,0.5996155624912746,0.3999976102893185
1993-04-30,0.5997904375446292,0.39999730540492917
1993-05-31,0.5998390859431267,0.39999905646963757
1993-06-30,0.5998544088590826,0.3999999163648585
1993-07-31,0.5997388924521915,0.3999972862553616
1993-08-31,0.5997784094485068,0.3999966989412664
1993-09-30,0.5998699107747837,0.39999838371898305
1993-10-31,0.5997874100847203,0.3999992158374137
1993-11-30,0.5995289703293897,0.3999968373600678
1993-12-31,0.5997553684007204,0.3999993478450469
1994-01-31,0.5997842172227091,0.39999764324493553
1994-02-28,0.599994385210913,0.3999979494084204
1994-03-31,0.599925083707755,0.39999740649860915
1994-04-30,0.5995458672985143,0.3999980167801696
1994-05-31,0.5998521676502884,0.3999984441223339
1994-06-30,0.5999533638307107,0.3999967563763633
1994-07-31,0.5998997863122721,0.3999969460217084
1994-08-31,0.5999857055241672,0.3999973375706959
1994-09-30,0.5994879444039206,0.39999974704046076
1994-10-31,0.5997258963859644,0.39999949903819865
1994-11-30,0.5997014464242829,0.3999995686682376
1994-12-31,0.599952850106023,0.3999994878815824
1995-01-31,0.5999156633276752,0.3999998168198593
1995-02-28,0.5994894731468321,0.39999931307466224
1995-03-31,0.5999772912081782,0.39999892702132234
1995-04-30,0.59958002001475,0.39999899727335414
1995-05-31,0.5998772546299088,0.39999735684351145
1995-06-30,0.5999351170064818,0.3999982317092506
1995-07-31,0.5995164751376446,0.39999750907121007
1995-08-31,0.5995503076466245,0.3999999400564089
1995-09-30,0.5998554979296352,0.3999983696419118
1995-10-31,0.5995351008652677,0.3999994002153928
1995-11-30,0.5995928550014095,0.39999802246895305
1995-12-31,0.599830156609177,0.3999984667057991
1996-01-31,0.5995090020453715,0.3999981110464253
1996-02-29,0.5994739418649593,0.3999991862119493
1996-03-31,0.5997921937840581,0.3999992277015842
1996-04-30,0.5997413870848988,0.3999982085608938
1996-05-31,0.5998295791641504,0.39999905816201525
1996-06-30,0.5995568613905543,0.3999994118845055
1996-07-31,0.5996721596150328,0.39999759338500745
1996-08-31,0.59989784832739,0.3999991935188037
1996-09-30,0.5994797583138549,0.3999992177288901
1996-10-31,0.5996987331358699,0.3999976526366558
1996-11-30,0.5999980681035119,0.3999989030361646
1996-12-31,0.5999089234053957,0.39999769653726736
1997-01-31,0.5999726141001163,0.3999993068433622
1997-02-28,0.5998775507687302,0.3999979455384853
1997-03-31,0.5994807308884041,0.3999991670212368
1997-04-30,0.59952627922355,0.39999867454449933
1997-05-31,0.5998388212990323,0.3999990239306218
1997-06-30,0.5994274552574613,0.39999972437501374
1997-07-31,0.5997438450394196,0.39999840128916125
1997-08-31,0.5995390535581783,0.39999797211962945
1997-09-30,0.5996989248761851,0.39999827243624464
1997-10-31,0.599917869500183,0.3999975584862839
1997-11-30,0.5993983206473484,0.3999983163032264
1997-12-31,0.5997515710433501,0.3999978341305193
1998-01-31,0.59980608567698,0.3999999982866341
1998-02-28,0.5997373486058178,0.399998768613445
1998-03-31,0.5997747527721445,0.3999999298149234
1998-04-30,0.5999249346454815,0.39999927508376953
1998-05-31,0.5995284862391126,0.39999776473918125
1998-06-30,0.5999949885504132,0.3999989672546637
1998-07-31,0.5999874117197607,0.3999978939175226
1998-08-31,0.599531244425408,0.39999867370900527
1998-09-30,0.599437447820331,0.3999986094040621
1998-10-31,0.5997248234489784,0.39999776569937395
1998-11-30,0.5994257196213031,0.39999834255057704
1998-12-31,0.5999360691781457,0.3999978423798056
1999-01-31,0.5998181675568495,0.39999933734571635
1999-02-28,0.5993425919169154,0.3999989849591748
1999-03-31,0.5996396728612383,0.3999995631610511
1999-04-30,0.5994756014732046,0.3999994724530093
1999-05-31,0.599677045806183,0.399999468709576
1999-06-30,0.5999072826997482,0.39999989687844567
1999-07-31,0.5999020730982156,0.3999979980660954
1999-08-31,0.599955197830218,0.3999984722542657
1999-09-30,0.5993775319793345,0.3999980355490743
1999-10-31,0.5997798809234869,0.39999997298126105
1999-11-30,0.5999397487345014,0.39999820233769334
1999-12-31,0.599850611831981,0.3999990787829048
2000-01-31,0.5993374221910523,0.3999981729691392
2000-02-29,0.5999186828432491,0.39999906171378713
2000-03-31,0.5999124774726315,0.39999814725447685
2000-04-30,0.5998126084191785,0.39999985658527404
2000-05-31,0.5995168763387991,0.3999994246765804
2000-06-30,0.599537560011861,0.3999982191710215
2000-07-31,0.5995597863092906,0.3999987225840457
2000-08-31,0.5996124915252988,0.3999980752613372
2000-09-30,0.5996432231785792,0.3999982539048768
2000-10-31,0.5996640874702469,0.3999993295578165
2000-11-30,0.5994818290145488,0.399998772535424
2000-12-31,0.5995681285529209,0.3999996431795477
2001-01-31,0.5993990000196725,0.399998166368917
2001-02-28,0.5995801590541281,0.39999935563386024
2001-03-31,0.5994286891764969,0.39999937201550373
2001-04-30,0.5997730365357729,0.39999966500245726
2001-05-31,0.5998670644215398,0.3999992443534271
2001-06-30,0.5995855912496769,0.3999989761754528
2001-07-31,0.5995429499979199,0.39999793865308836
2001-08-31,0.5996798087549611,0.3999984925619682
2001-09-30,0.599879096925868,0.39999921749608736
2001-10-31,0.5995995932660234,0.3999981249013331
2001-11-30,0.5996047966790609,0.39999801014841346
2001-12-31,0.599496764802837,0.39999938688481435
2002-01-31,0.5997120322203204,0.3999982093856097
2002-02-28,0.5998573109432499,0.39999987689794436
2002-03-31,0.5994615684837636,0.39999997427068545
2002-04-30,0.5995719785482293,0.3999983415861766
2002-05-31,0.5996887647439026,0.39999849051392844
2002-06-30,0.5994607456865008,0.39999827346498323
2002-07-31,0.5998279532478366,0.3999995561081326
2002-08-31,0.5998632843308723,0.3999972818633215
2002-09-30,0.5996164086430955,0.3999980313951089
2002-10-31,0.5999502282959299,0.39999960909261595
2002-11-30,0.5997313520837105,0.39999934755077
2002-12-31,0.5996542418328538,0.3999973453128159
2003-01-31,0.5997437181045168,0.399997729010836
2003-02-28,0.5995431078042676,0.39999757102618394
2003-03-31,0.5999619719277078,0.39999798166137546
2003-04-30,0.5996375141597473,0.3999998754286992
2003-05-31,0.5994902897668102,0.3999977408539224
2003-06-30,0.5999652802400772,0.3999980676780455
2003-07-31,0.5995594121433996,0.3999986152130072
2003-08-31,0.5998147810352706,0.3999991108074007
2003-09-30,0.5995459013612501,0.39999838745813476
2003-10-31,0.5997927419442256,0.39999881484626637
2003-11-30,0.599576426366708,0.3999974708876843
2003-12-31,0.5995389114100433,0.39999904074353193
2004-01-31,0.5998061766333591,0.39999744478681526
2004-02-29,0.5995507596169265,0.3999982760488455
2004-03-31,0.5997386595455299,0.3999976178975499
2004-04-30,0.5997097074793367,0.39999984811801303
2004-05-31,0.5994885614906362,0.39999996881891775
2004-06-30,0.5995745210221011,0.3999981583679644
2004-07-31,0.5998979816153562,0.3999978109003868
2004-08-31,0.5999458126014924,0.3999993394137559
2004-09-30,0.5996922249588418,0.3999985253536077
2004-10-31,0.5996553481625206,0.39999769608580354
2004-11-30,0.5995545649085816,0.3999988455110859
2004-12-31,0.5998245969959265,0.3999996086147107
2005-01-31,0.5995242298195645,0.3999988267801466
2005-02-28,0.5999378995633994,0.399999861060581
2005-03-31,0.5997500081604995,0.3999976779165362
2005-04-30,0.5997538165668608,0.3999992133567681
2005-05-31,0.5995600355254872,0.39999799324412505
2005-06-30,0.5996112860030305,0.39999856236551457
2005-07-31,0.5997932725535978,0.3999981047283281
2005-08-31,0.5995720756217298,0.3999985479315924
2005-09-30,0.5994560489855617,0.39999921645957154
2005-10-31,0.5995569276873507,0.3999985232153786
2005-11-30,0.5996579819560759,0.3999989912143649
2005-12-31,0.5997827556038506,0.3999977191741119
2006-01-31,0.5997091810136215,0.3999985830400289
2006-02-28,0.5998411358515799,0.3999997711008295
2006-03-31,0.5995773446840761,0.39999882671364867
2006-04-30,0.5998528953291257,0.39999955872530996
2006-05-31,0.5998303901258081,0.3999987830763471
2006-06-30,0.5997059802947838,0.3999981360397907
2006-07-31,0.5994397047348962,0.3999980779693702
2006-08-31,0.5998895763926049,0.39999961211371937
2006-09-30,0.599590054224688,0.3999981877688
2006-10-31,0.5998188042813002,0.39999895362424714
2006-11-30,0.5999363355031747,0.3999991089355399
2006-12-31,0.5999438922758442,0.3999991312567144
2007-01-31,0.5994279626302291,0.39999813767215087
2007-02-28,0.5998293345999847,0.39999835549416446
2007-03-31,0.5997143109938956,0.39999893067508907
2007-04-30,0.5996301244715085,0.39999942016345535
2007-05-31,0.5996149969751454,0.3999988488139767
2007-06-30,0.599577634566762,0.399998981870505
2007-07-31,0.5994769609669541,0.399999832169459
2007-08-31,0.5998968185143189,0.3999999140286358
2007-09-30,0.5995467647084288,0.3999997212324973
2007-10-31,0.5996890955197262,0.3999993479270619
2007-11-30,0.5997988385536689,0.39999989046937184
2007-12-31,0.5998748210764957,0.3999999541221265
2008-01-31,0.5995288411569669,0.3999990237178426
2008-02-29,0.599777842110838,0.3999978887560638
2008-03-31,0.5997874910528572,0.39999990426785104
2008-04-30,0.5995551153206179,0.39999831419781895
2008-05-31,0.5994243028232294,0.3999993001221451
2008-06-30,0.5997349654083368,0.39999887306413306
2008-07-31,0.59966689045118,0.3999998187988784
2008-08-31,0.5997596837964343,0.3999979826686929
2008-09-30,0.5995764313829822,0.39999917112633254
2008-10-31,0.5995102485313902,0.39999765669181664
2008-11-30,0.599565773327811,0.3999981274143832
2008-12-31,0.5997123256116763,0.39999706274906943
2009-01-31,0.5996957129536576,0.3999986955069681
2009-02-28,0.5995897511664909,0.39999787371523715
2009-03-31,0.599702913585024,0.3999968022827473
2009-04-30,0.599739998657695,0.39999880033357665
2009-05-31,0.5999641397067984,0.3999997994912283
2009-06-30,0.5995489552062284,0.3999987978962413
2009-07-31,0.5995608349552523,0.39999941771152486
2009-08-31,0.5995543444292849,0.39999952329897326
2009-09-30,0.599904038303978,0.3999973969608943
2009-10-31,0.5997159201921064,0.39999978997934543
2009-11-30,0.5999434778575127,0.3999973267507292
2009-12-31,0.5998168046501263,0.3999979802481144
2010-01-31,0.5997508705084607,0.3999987735475607
2010-02-28,0.5998588334703483,0.3999984221678495
2010-03-31,0.5994792474908536,0.39999902179861474
2010-04-30,0.5999671673607418,0.3999996511366814
2010-05-31,0.5995131178806357,0.39999754478593086
2010-06-30,0.5999279811812801,0.3999987879854526
2010-07-31,0.5996640882580273,0.3999977082981745
2010-08-31,0.5999572333311615,0.3999999853125144
2010-09-30,0.5999522942368835,0.3999985199139032
2010-10-31,0.5999497044148203,0.3999982701826203
2010-11-30,0.5996290917367234,0.3999986782761973
2010-12-31,0.599746603410028,0.399997726976786
2011-01-31,0.5998259419056935,0.39999862828675947
2011-02-28,0.599571381360388,0.3999984746191559
2011-03-31,0.5997951463992195,0.39999873766156013
2011-04-30,0.5995000502235546,0.39999984448739734
2011-05-31,0.5998205408279167,0.39999780647775035
2011-06-30,0.5999627089596477,0.39999900975866864
2011-07-31,0.5995828560087489,0.3999982319465109
2011-08-31,0.5996296894654716,0.39999736074586173
2011-09-30,0.5999586234314533,0.3999998323418071
2011-10-31,0.5998300569894937,0.3999977128866851
2011-11-30,0.5999713759289104,0.39999741332777294
2011-12-31,0.5999087716746231,0.39999736699693594
2012-01-31,0.5997734574467766,0.39999909699655656
2012-02-29,0.5999411691407321,0.3999978419686763
2012-03-31,0.599558555269595,0.3999990328576665
2012-04-30,0.5999580796812582,0.3999981498065942
2012-05-31,0.5998402736493664,0.3999981598065813
2012-06-30,0.5997951248513237,0.3999985715067788
2012-07-31,0.599829579364843,0.3999977620951429
2012-08-31,0.5995339936435493,0.3999997510506669
2012-09-30,0.5998296236458139,0.39999944633501416
2012-10-31,0.5996032531418769,0.3999974801010836
2012-11-30,0.5995192706237339,0.3999997429840845
2012-12-31,0.5996427366376438,0.3999975486904842
2013-01-31,0.599991812948506,0.39999852910261907
2013-02-28,0.5995034214449305,0.39999941283515
2013-03-31,0.5999823791549401,0.39999795636302
2013-04-30,0.5999950816093154,0.39999820572455613
2013-05-31,0.5995381438098093,0.39999879692196744
2013-06-30,0.5996575432746287,0.39999778618916043
2013-07-31,0.5996526232969516,0.3999991640128179
2013-08-31,0.5998501006743463,0.3999991459356618
2013-09-30,0.5997477230918831,0.399999516736931
2013-10-31,0.599849414424478,0.39999813544506524
2013-11-30,0.599784736191336,0.39999987239514956
2013-12-31,0.5999964580478381,0.39999844627735737
2014-01-31,0.599786840010384,0.39999958850091255
2014-02-28,0.5997104292143488,0.399997965331109
2014-03-31,0.5997115451393712,0.3999981439228315
2014-04-30,0.5996571624464605,0.39999944514541197
2014-05-31,0.5994580599572019,0.399997950745082
2014-06-30,0.5995352066539114,0.39999869280918204
2014-07-31,0.5997390971789726,0.3999991686771113
2014-08-31,0.5995238987536857,0.39999805509894304
2014-09-30,0.599892242797784,0.39999988580297047
2014-10-31,0.5997451852099838,0.39999953338582966
2014-11-30,0.5995934773374905,0.3999984950717121
2014-12-31,0.5995430439703404,0.39999869212268746
2015-01-31,0.5998380134383848,0.39999847686451245
2015-02-28,0.5997132719838918,0.3999984200526212
2015-03-31,0.5995121830319338,0.3999995960688869
2015-04-30,0.5995543409262637,0.39999987595344494
2015-05-31,0.599461749490898,0.3999996542371715
2015-06-30,0.5998684667770937,0.3999982236160168
2015-07-31,0.5999527547009503,0.39999835525750194
2015-08-31,0.5994950375578594,0.39999815143520584
2015-09-30,0.5996873392876975,0.3999996854632951
2015-10-31,0.5995708042511467,0.39999809422532456
2015-11-30,0.5997134906860853,0.3999988370059636
2015-12-31,0.5997402465099294,0.39999994734810923
2016-01-31,0.5996020892688706,0.3999984189181523
2016-02-29,0.5997702285194995,0.39999898031365394
2016-03-31,0.5999478212722656,0.3999991263889016
2016-04-30,0.599814935643212,0.39999869593636406
2016-05-31,0.5997476767332475,0.39999977911075013
2016-06-30,0.599528494924193,0.39999934343160415
2016-07-31,0.5994813201485152,0.39999970333636775
2016-08-31,0.5997080114281215,0.3999988020604053
2016-09-30,0.5998679593544136,0.3999991955500897
2016-10-31,0.5996918678920792,0.39999901197179405
2016-11-30,0.5993805758262545,0.3999984101496804
2016-12-31,0.5996602572287953,0.3999994413675483
2017-01-31,0.599889980972019,0.3999995718954277
2017-02-28,0.5998226602859686,0.39999823185091155
2017-03-31,0.5998294377493723,0.3999993931577986
2017-04-30,0.5994980381805597,0.39999964418322576
2017-05-31,0.5994389416751514,0.3999993374812934
2017-06-30,0.5993680472962465,0.3999990356574386
2017-07-31,0.5996919503269904,0.39999978393909463
2017-08-31,0.5994042974849926,0.3999982117951232
2017-09-30,0.5997597442709343,0.39999931846982045
2017-10-31,0.5999231605268728,0.39999973348278406
2017-11-30,0.5994912522771966,0.39999967704840456
2017-12-31,0.5999026265777171,0.3999995205671638
2018-01-31,0.5999308919076812,0.3999995712050951
2018-02-28,0.5996450875694181,0.39999958368189337
2018-03-31,0.599579394184977,0.3999984613654332
2018-04-30,0.5995615140114464,0.3999987089894158
2018-05-31,0.5994581864628735,0.3999989799995653
2018-06-30,0.5994152128029666,0.3999994941718407
2018-07-31,0.5994300487162384,0.39999905251238477
2018-08-31,0.5995394074477152,0.3999991310231858
2018-09-30,0.5993248942184188,0.3999996584796968
2018-10-31,0.5995264575728693,0.39999982992647926
2018-11-30,0.5994544703830587,0.39999879895580287
2018-12-31,0.5999162780554037,0.3999993505718634
2019-01-31,0.5996800754606876,0.39999921634940744
2019-02-28,0.5999100505741993,0.39999877155555985
2019-03-31,0.5993341698626202,0.3999993959091575
2019-04-30,0.5993358539878898,0.3999988368860976
2019-05-31,0.5996999107879101,0.39999851881223525
2019-06-30,0.5997027110427969,0.3999988309361904
2019-07-31,0.5997293600248076,0.39999889265548855
2019-08-31,0.5997437181009015,0.39999847656570986
2019-09-30,0.5995776044612114,0.3999998795225955
2019-10-31,0.5999787929180072,0.3999989763315541
2019-11-30,0.5995278754844324,0.39999900412821565
2019-12-31,0.5993826481022653,0.39999916013823267
2020-01-31,0.5999120316556718,0.39999911156644036
2020-02-29,0.599890399107012,0.3999996950526804
2020-03-31,0.5994853184189146,0.39999840532675585
2020-04-30,0.5997818040284665,0.3999988657582003
2020-05-31,0.5999164923207071,0.39999849447271313
2020-06-30,0.5994724066289837,0.39999841050405277
2020-07-31,0.5993335792356018,0.3999997759102771
2020-08-31,0.5994504745373719,0.3999996991930106
2020-09-30,0.5994835174739461,0.3999989476494149
2020-10-31,0.5997824789052474,0.3999987312129271
2020-11-30,0.5995064549646504,0.39999989289258236
2020-12-31,0.5996040869438998,0.39999946961280725
2021-01-31,0.5995237580547257,0.3999986652478006
2021-02-28,0.5998266505391915,0.39999889377652503
2021-03-31,0.5997274713422207,0.39999898706594167
2021-04-30,0.5998809003953229,0.3999997525109312
2021-05-31,0.5996829841761365,0.39999900708767333
2021-06-30,0.5997389040239465,0.399999726668962
2021-07-31,0.5996880493752748,0.39999905027448984
2021-08-31,0.5993401179894943,0.39999965701052353
2021-09-30,0.5994088541186344,0.3999996879575893
2021-10-31,0.5992584732294073,0.39999923644600516
2021-11-30,0.5993517508845103,0.39999926154793713
2021-12-31,0.5994713019712229,0.3999996442608333
2022-01-31,0.5994545872438152,0.39999938386203626
2022-02-28,0.5997118175909898,0.39999999430729677
2022-03-31,0.5992504505865773,0.39999922717230046
2022-04-30,0.5995734012844055,0.39999934297218565
2022-05-31,0.599361415781194,0.3999991952572265
2022-06-30,0.5992556566466609,0.39999916889195825
2022-07-31,0.599651008537903,0.39999907556368325
2022-08-31,0.5995408159790173,0.3999988375630994
2022-09-30,0.5996512721735806,0.3999987169136709
2022-10-31,0.5997795078053255,0.39999875754694664
2022-11-30,0.5997411561839242,0.3999996379654957
2022-12-31,0.5993547323002287,0.39999992463422873
2023-01-31,0.5998268595655047,0.39999979624893645
2023-02-28,0.5993839691016044,0.39999996751062233
2023-03-31,0.5999155590634329,0.3999988116575677
2023-04-30,0.5993038305087243,0.3999999008495049
2023-05-31,0.5994963614822278,0.3999997636795505
2023-06-30,0.5997388795441203,0.3999989370276263
2023-07-31,0.5994345628481695,0.3999997507998841
2023-08-31,0.5971142296410314,0.402313157061974
